StartB,MFE,ranked,Sliding_window
1,30.2,1.0," 1_40bp-Brkp
"
2,31.0,1.0," 2_40bp-Brkp
"
4,30.7,1.0," 4_40bp-Brkp
"
5,30.2,1.0," 5_40bp-Brkp
"
6,31.0,1.0," 6_40bp-Brkp
"
7,31.0,1.0," 7_5bp-Brkp-35bp
"
17,31.0,1.0," 17_15bp-Brkp-25bp
"
22,31.0,1.0," 22_20bp-Brkp-20bp
"
23,31.0,1.0," 23_5bp-Brkp-35bp
"
28,31.0,1.0," 28_10bp-Brkp-30bp
"
33,31.0,1.0," 33_15bp-Brkp-25bp
"
37,31.0,1.0," 37_35bp-Brkp-5bp
"
38,31.0,1.0," 38_20bp-Brkp-20bp
"
44,31.0,1.0," 44_10bp-Brkp-30bp
"
50,31.0,1.0," 50_20bp-Brkp-20bp
"
54,31.0,1.0," 54_20bp-Brkp-20bp
"
60,31.0,1.0," 60_10bp-Brkp-30bp
"
68,31.0,1.0," 68_10bp-Brkp-30bp
"
69,31.0,1.0," 69_35bp-Brkp-5bp
"
70,31.0,1.0," 70_20bp-Brkp-20bp
"
71,31.0,1.0," 71_5bp-Brkp-35bp
"
72,31.0,1.0," 72_10bp-Brkp-30bp
"
76,31.0,1.0," 76_10bp-Brkp-30bp
"
84,31.0,1.0," 84_10bp-Brkp-30bp
"
85,31.0,1.0," 85_35bp-Brkp-5bp
"
90,31.0,1.0," 90_20bp-Brkp-20bp
"
94,31.0,1.0," 94_20bp-Brkp-20bp
"
96,31.0,1.0," 96_10bp-Brkp-30bp
"
98,31.0,1.0," 98_20bp-Brkp-20bp
"
101,31.0,1.0," 101_35bp-Brkp-5bp
"
102,31.0,1.0," 102_20bp-Brkp-20bp
"
103,31.0,1.0," 103_5bp-Brkp-35bp
"
104,31.0,1.0," 104_10bp-Brkp-30bp
"
108,31.0,1.0," 108_10bp-Brkp-30bp
"
110,31.0,1.0," 110_20bp-Brkp-20bp
"
123,31.0,1.0," 123_5bp-Brkp-35bp
"
129,31.0,1.0," 129_35bp-Brkp-5bp
"
131,31.0,1.0," 131_5bp-Brkp-35bp
"
134,31.0,1.0," 134_20bp-Brkp-20bp
"
138,31.0,1.0," 138_20bp-Brkp-20bp
"
150,31.0,1.0," 150_20bp-Brkp-20bp
"
153,31.0,1.0," 153_35bp-Brkp-5bp
"
154,31.0,1.0," 154_20bp-Brkp-20bp
"
155,31.0,1.0," 155_5bp-Brkp-35bp
"
156,31.0,1.0," 156_10bp-Brkp-30bp
"
157,31.0,1.0," 157_35bp-Brkp-5bp
"
158,31.0,1.0," 158_20bp-Brkp-20bp
"
159,31.0,1.0," 159_5bp-Brkp-35bp
"
160,31.0,1.0," 160_10bp-Brkp-30bp
"
165,31.0,1.0," 165_35bp-Brkp-5bp
"
169,31.0,1.0," 169_35bp-Brkp-5bp
"
174,31.0,1.0," 174_20bp-Brkp-20bp
"
178,31.0,1.0," 178_20bp-Brkp-20bp
"
179,31.0,1.0," 179_5bp-Brkp-35bp
"
180,31.0,1.0," 180_10bp-Brkp-30bp
"
186,31.0,1.0," 186_20bp-Brkp-20bp
"
189,31.0,1.0," 189_35bp-Brkp-5bp
"
192,31.0,1.0," 192_10bp-Brkp-30bp
"
193,31.0,1.0," 193_35bp-Brkp-5bp
"
195,31.0,1.0," 195_5bp-Brkp-35bp
"
196,31.0,1.0," 196_10bp-Brkp-30bp
"
205,31.0,1.0," 205_35bp-Brkp-5bp
"
212,31.0,1.0," 212_10bp-Brkp-30bp
"
213,31.0,1.0," 213_35bp-Brkp-5bp
"
214,31.0,1.0," 214_20bp-Brkp-20bp
"
221,31.0,1.0," 221_35bp-Brkp-5bp
"
222,31.0,1.0," 222_20bp-Brkp-20bp
"
223,31.0,1.0," 223_5bp-Brkp-35bp
"
227,31.0,1.0," 227_5bp-Brkp-35bp
"
230,31.0,1.0," 230_20bp-Brkp-20bp
"
233,31.0,1.0," 233_35bp-Brkp-5bp
"
234,31.0,1.0," 234_20bp-Brkp-20bp
"
235,31.0,1.0," 235_5bp-Brkp-35bp
"
236,31.0,1.0," 236_10bp-Brkp-30bp
"
239,31.0,1.0," 239_5bp-Brkp-35bp
"
240,31.0,1.0," 240_10bp-Brkp-30bp
"
241,31.0,1.0," 241_35bp-Brkp-5bp
"
245,31.0,1.0," 245_35bp-Brkp-5bp
"
248,31.0,1.0," 248_10bp-Brkp-30bp
"
249,31.0,1.0," 249_35bp-Brkp-5bp
"
256,31.0,1.0," 256_10bp-Brkp-30bp
"
259,31.0,1.0," 259_5bp-Brkp-35bp
"
262,31.0,1.0," 262_20bp-Brkp-20bp
"
263,31.0,1.0," 263_5bp-Brkp-35bp
"
264,31.0,1.0," 264_10bp-Brkp-30bp
"
268,31.0,1.0," 268_10bp-Brkp-30bp
"
269,31.0,1.0," 269_35bp-Brkp-5bp
"
271,31.0,1.0," 271_5bp-Brkp-35bp
"
276,31.0,1.0," 276_10bp-Brkp-30bp
"
281,31.0,1.0," 281_35bp-Brkp-5bp
"
282,31.0,1.0," 282_20bp-Brkp-20bp
"
283,31.0,1.0," 283_5bp-Brkp-35bp
"
284,31.0,1.0," 284_10bp-Brkp-30bp
"
289,31.0,1.0," 289_35bp-Brkp-5bp
"
296,31.0,1.0," 296_10bp-Brkp-30bp
"
299,31.0,1.0," 299_5bp-Brkp-35bp
"
305,31.0,1.0," 305_35bp-Brkp-5bp
"
306,31.0,1.0," 306_20bp-Brkp-20bp
"
308,31.0,1.0," 308_10bp-Brkp-30bp
"
312,31.0,1.0," 312_10bp-Brkp-30bp
"
314,31.0,1.0," 314_20bp-Brkp-20bp
"
320,31.0,1.0," 320_10bp-Brkp-30bp
"
329,31.0,1.0," 329_35bp-Brkp-5bp
"
332,31.0,1.0," 332_10bp-Brkp-30bp
"
333,31.0,1.0," 333_35bp-Brkp-5bp
"
339,31.0,1.0," 339_5bp-Brkp-35bp
"
344,31.0,1.0," 344_10bp-Brkp-30bp
"
346,31.0,1.0," 346_20bp-Brkp-20bp
"
348,31.0,1.0," 348_10bp-Brkp-30bp
"
352,31.0,1.0," 352_10bp-Brkp-30bp
"
354,31.0,1.0," 354_20bp-Brkp-20bp
"
356,31.0,1.0," 356_10bp-Brkp-30bp
"
357,31.0,1.0," 357_35bp-Brkp-5bp
"
358,31.0,1.0," 358_20bp-Brkp-20bp
"
360,31.0,1.0," 360_10bp-Brkp-30bp
"
361,31.0,1.0," 361_35bp-Brkp-5bp
"
362,31.0,1.0," 362_20bp-Brkp-20bp
"
363,31.0,1.0," 363_5bp-Brkp-35bp
"
364,31.0,1.0," 364_10bp-Brkp-30bp
"
365,31.0,1.0," 365_35bp-Brkp-5bp
"
366,31.0,1.0," 366_20bp-Brkp-20bp
"
369,31.0,1.0," 369_35bp-Brkp-5bp
"
370,31.0,1.0," 370_20bp-Brkp-20bp
"
372,31.0,1.0," 372_10bp-Brkp-30bp
"
379,31.0,1.0," 379_5bp-Brkp-35bp
"
381,31.0,1.0," 381_35bp-Brkp-5bp
"
385,31.0,1.0," 385_35bp-Brkp-5bp
"
387,31.0,1.0," 387_5bp-Brkp-35bp
"
393,31.0,1.0," 393_35bp-Brkp-5bp
"
403,31.0,1.0," 403_5bp-Brkp-35bp
"
404,31.0,1.0," 404_10bp-Brkp-30bp
"
405,31.0,1.0," 405_35bp-Brkp-5bp
"
410,31.0,1.0," 410_20bp-Brkp-20bp
"
412,31.0,1.0," 412_10bp-Brkp-30bp
"
413,31.0,1.0," 413_35bp-Brkp-5bp
"
414,31.0,1.0," 414_20bp-Brkp-20bp
"
415,31.0,1.0," 415_5bp-Brkp-35bp
"
416,31.0,1.0," 416_10bp-Brkp-30bp
"
417,31.0,1.0," 417_35bp-Brkp-5bp
"
418,31.0,1.0," 418_20bp-Brkp-20bp
"
419,31.0,1.0," 419_5bp-Brkp-35bp
"
420,31.0,1.0," 420_10bp-Brkp-30bp
"
421,31.0,1.0," 421_35bp-Brkp-5bp
"
422,31.0,1.0," 422_20bp-Brkp-20bp
"
423,31.0,1.0," 423_5bp-Brkp-35bp
"
424,31.0,1.0," 424_10bp-Brkp-30bp
"
427,31.0,1.0," 427_5bp-Brkp-35bp
"
428,31.0,1.0," 428_10bp-Brkp-30bp
"
429,31.0,1.0," 429_35bp-Brkp-5bp
"
430,31.0,1.0," 430_20bp-Brkp-20bp
"
431,31.0,1.0," 431_5bp-Brkp-35bp
"
432,31.0,1.0," 432_10bp-Brkp-30bp
"
433,31.0,1.0," 433_35bp-Brkp-5bp
"
435,31.0,1.0," 435_5bp-Brkp-35bp
"
437,31.0,1.0," 437_35bp-Brkp-5bp
"
438,31.0,1.0," 438_20bp-Brkp-20bp
"
439,31.0,1.0," 439_5bp-Brkp-35bp
"
440,31.0,1.0," 440_10bp-Brkp-30bp
"
441,31.0,1.0," 441_35bp-Brkp-5bp
"
442,31.0,1.0," 442_20bp-Brkp-20bp
"
443,31.0,1.0," 443_5bp-Brkp-35bp
"
444,31.0,1.0," 444_10bp-Brkp-30bp
"
445,31.0,1.0," 445_35bp-Brkp-5bp
"
446,31.0,1.0," 446_20bp-Brkp-20bp
"
447,31.0,1.0," 447_5bp-Brkp-35bp
"
448,31.0,1.0," 448_10bp-Brkp-30bp
"
449,31.0,1.0," 449_35bp-Brkp-5bp
"
451,31.0,1.0," 451_5bp-Brkp-35bp
"
453,31.0,1.0," 453_35bp-Brkp-5bp
"
454,31.0,1.0," 454_20bp-Brkp-20bp
"
455,31.0,1.0," 455_5bp-Brkp-35bp
"
456,31.0,1.0," 456_10bp-Brkp-30bp
"
457,31.0,1.0," 457_35bp-Brkp-5bp
"
458,31.0,1.0," 458_20bp-Brkp-20bp
"
460,31.0,1.0," 460_10bp-Brkp-30bp
"
461,31.0,1.0," 461_35bp-Brkp-5bp
"
462,31.0,1.0," 462_20bp-Brkp-20bp
"
463,31.0,1.0," 463_5bp-Brkp-35bp
"
464,31.0,1.0," 464_10bp-Brkp-30bp
"
465,31.0,1.0," 465_35bp-Brkp-5bp
"
466,31.0,1.0," 466_20bp-Brkp-20bp
"
467,31.0,1.0," 467_5bp-Brkp-35bp
"
471,31.0,1.0," 471_5bp-Brkp-35bp
"
473,31.0,1.0," 473_35bp-Brkp-5bp
"
474,31.0,1.0," 474_20bp-Brkp-20bp
"
476,31.0,1.0," 476_10bp-Brkp-30bp
"
478,31.0,1.0," 478_20bp-Brkp-20bp
"
479,31.0,1.0," 479_5bp-Brkp-35bp
"
480,31.0,1.0," 480_10bp-Brkp-30bp
"
481,31.0,1.0," 481_35bp-Brkp-5bp
"
482,31.0,1.0," 482_20bp-Brkp-20bp
"
491,31.0,1.0," 491_5bp-Brkp-35bp
"
495,31.0,1.0," 495_5bp-Brkp-35bp
"
497,31.0,1.0," 497_35bp-Brkp-5bp
"
498,31.0,1.0," 498_20bp-Brkp-20bp
"
500,31.0,1.0," 500_10bp-Brkp-30bp
"
503,31.0,1.0," 503_5bp-Brkp-35bp
"
504,31.0,1.0," 504_10bp-Brkp-30bp
"
505,31.0,1.0," 505_35bp-Brkp-5bp
"
509,31.0,1.0," 509_35bp-Brkp-5bp
"
510,31.0,1.0," 510_20bp-Brkp-20bp
"
511,31.0,1.0," 511_5bp-Brkp-35bp
"
512,31.0,1.0," 512_10bp-Brkp-30bp
"
513,31.0,1.0," 513_35bp-Brkp-5bp
"
514,31.0,1.0," 514_20bp-Brkp-20bp
"
515,31.0,1.0," 515_5bp-Brkp-35bp
"
516,31.0,1.0," 516_10bp-Brkp-30bp
"
517,31.0,1.0," 517_35bp-Brkp-5bp
"
518,31.0,1.0," 518_20bp-Brkp-20bp
"
519,31.0,1.0," 519_5bp-Brkp-35bp
"
520,31.0,1.0," 520_10bp-Brkp-30bp
"
521,31.0,1.0," 521_35bp-Brkp-5bp
"
522,31.0,1.0," 522_20bp-Brkp-20bp
"
523,31.0,1.0," 523_5bp-Brkp-35bp
"
525,31.0,1.0," 525_35bp-Brkp-5bp
"
527,31.0,1.0," 527_5bp-Brkp-35bp
"
528,31.0,1.0," 528_10bp-Brkp-30bp
"
531,31.0,1.0," 531_5bp-Brkp-35bp
"
532,31.0,1.0," 532_10bp-Brkp-30bp
"
539,31.0,1.0," 539_5bp-Brkp-35bp
"
540,31.0,1.0," 540_10bp-Brkp-30bp
"
541,31.0,1.0," 541_35bp-Brkp-5bp
"
546,31.0,1.0," 546_20bp-Brkp-20bp
"
547,31.0,1.0," 547_5bp-Brkp-35bp
"
548,31.0,1.0," 548_10bp-Brkp-30bp
"
550,31.0,1.0," 550_20bp-Brkp-20bp
"
551,31.0,1.0," 551_5bp-Brkp-35bp
"
552,31.0,1.0," 552_10bp-Brkp-30bp
"
553,31.0,1.0," 553_35bp-Brkp-5bp
"
554,31.0,1.0," 554_20bp-Brkp-20bp
"
555,31.0,1.0," 555_5bp-Brkp-35bp
"
556,31.0,1.0," 556_10bp-Brkp-30bp
"
557,31.0,1.0," 557_35bp-Brkp-5bp
"
558,31.0,1.0," 558_20bp-Brkp-20bp
"
559,31.0,1.0," 559_5bp-Brkp-35bp
"
560,31.0,1.0," 560_10bp-Brkp-30bp
"
561,31.0,1.0," 561_35bp-Brkp-5bp
"
562,31.0,1.0," 562_20bp-Brkp-20bp
"
563,31.0,1.0," 563_5bp-Brkp-35bp
"
565,31.0,1.0," 565_35bp-Brkp-5bp
"
566,31.0,1.0," 566_20bp-Brkp-20bp
"
567,31.0,1.0," 567_5bp-Brkp-35bp
"
568,31.0,1.0," 568_10bp-Brkp-30bp
"
569,31.0,1.0," 569_35bp-Brkp-5bp
"
574,31.0,1.0," 574_20bp-Brkp-20bp
"
578,31.0,1.0," 578_20bp-Brkp-20bp
"
580,31.0,1.0," 580_10bp-Brkp-30bp
"
581,31.0,1.0," 581_35bp-Brkp-5bp
"
583,31.0,1.0," 583_5bp-Brkp-35bp
"
584,31.0,1.0," 584_10bp-Brkp-30bp
"
585,31.0,1.0," 585_35bp-Brkp-5bp
"
586,31.0,1.0," 586_20bp-Brkp-20bp
"
587,31.0,1.0," 587_5bp-Brkp-35bp
"
588,31.0,1.0," 588_10bp-Brkp-30bp
"
589,31.0,1.0," 589_35bp-Brkp-5bp
"
590,31.0,1.0," 590_20bp-Brkp-20bp
"
593,31.0,1.0," 593_35bp-Brkp-5bp
"
594,31.0,1.0," 594_20bp-Brkp-20bp
"
595,31.0,1.0," 595_5bp-Brkp-35bp
"
596,31.0,1.0," 596_10bp-Brkp-30bp
"
597,31.0,1.0," 597_35bp-Brkp-5bp
"
598,31.0,1.0," 598_20bp-Brkp-20bp
"
600,31.0,1.0," 600_10bp-Brkp-30bp
"
602,31.0,1.0," 602_20bp-Brkp-20bp
"
605,31.0,1.0," 605_35bp-Brkp-5bp
"
606,31.0,1.0," 606_20bp-Brkp-20bp
"
609,31.0,1.0," 609_35bp-Brkp-5bp
"
611,31.0,1.0," 611_5bp-Brkp-35bp
"
612,31.0,1.0," 612_10bp-Brkp-30bp
"
613,31.0,1.0," 613_35bp-Brkp-5bp
"
614,31.0,1.0," 614_20bp-Brkp-20bp
"
615,31.0,1.0," 615_5bp-Brkp-35bp
"
619,31.0,1.0," 619_5bp-Brkp-35bp
"
620,31.0,1.0," 620_10bp-Brkp-30bp
"
621,31.0,1.0," 621_35bp-Brkp-5bp
"
622,31.0,1.0," 622_20bp-Brkp-20bp
"
623,31.0,1.0," 623_5bp-Brkp-35bp
"
624,31.0,1.0," 624_10bp-Brkp-30bp
"
626,31.0,1.0," 626_20bp-Brkp-20bp
"
627,31.0,1.0," 627_5bp-Brkp-35bp
"
628,31.0,1.0," 628_10bp-Brkp-30bp
"
629,31.0,1.0," 629_35bp-Brkp-5bp
"
630,31.0,1.0," 630_20bp-Brkp-20bp
"
631,31.0,1.0," 631_5bp-Brkp-35bp
"
632,31.0,1.0," 632_10bp-Brkp-30bp
"
633,31.0,1.0," 633_35bp-Brkp-5bp
"
634,31.0,1.0," 634_20bp-Brkp-20bp
"
635,31.0,1.0," 635_5bp-Brkp-35bp
"
637,31.0,1.0," 637_35bp-Brkp-5bp
"
638,31.0,1.0," 638_20bp-Brkp-20bp
"
639,31.0,1.0," 639_5bp-Brkp-35bp
"
640,31.0,1.0," 640_10bp-Brkp-30bp
"
641,31.0,1.0," 641_35bp-Brkp-5bp
"
644,31.0,1.0," 644_10bp-Brkp-30bp
"
645,31.0,1.0," 645_35bp-Brkp-5bp
"
647,31.0,1.0," 647_5bp-Brkp-35bp
"
648,31.0,1.0," 648_10bp-Brkp-30bp
"
649,31.0,1.0," 649_35bp-Brkp-5bp
"
651,31.0,1.0," 651_5bp-Brkp-35bp
"
652,31.0,1.0," 652_10bp-Brkp-30bp
"
654,31.0,1.0," 654_20bp-Brkp-20bp
"
657,31.0,1.0," 657_35bp-Brkp-5bp
"
658,31.0,1.0," 658_20bp-Brkp-20bp
"
659,31.0,1.0," 659_5bp-Brkp-35bp
"
660,31.0,1.0," 660_10bp-Brkp-30bp
"
661,31.0,1.0," 661_35bp-Brkp-5bp
"
665,31.0,1.0," 665_35bp-Brkp-5bp
"
666,31.0,1.0," 666_20bp-Brkp-20bp
"
668,31.0,1.0," 668_10bp-Brkp-30bp
"
669,31.0,1.0," 669_35bp-Brkp-5bp
"
671,31.0,1.0," 671_5bp-Brkp-35bp
"
674,31.0,1.0," 674_20bp-Brkp-20bp
"
684,31.0,1.0," 684_10bp-Brkp-30bp
"
686,31.0,1.0," 686_20bp-Brkp-20bp
"
687,31.0,1.0," 687_5bp-Brkp-35bp
"
689,31.0,1.0," 689_35bp-Brkp-5bp
"
691,31.0,1.0," 691_5bp-Brkp-35bp
"
694,31.0,1.0," 694_20bp-Brkp-20bp
"
696,31.0,1.0," 696_10bp-Brkp-30bp
"
698,31.0,1.0," 698_20bp-Brkp-20bp
"
701,31.0,1.0," 701_35bp-Brkp-5bp
"
702,31.0,1.0," 702_20bp-Brkp-20bp
"
703,31.0,1.0," 703_5bp-Brkp-35bp
"
704,31.0,1.0," 704_10bp-Brkp-30bp
"
708,31.0,1.0," 708_10bp-Brkp-30bp
"
709,31.0,1.0," 709_35bp-Brkp-5bp
"
710,31.0,1.0," 710_20bp-Brkp-20bp
"
713,31.0,1.0," 713_35bp-Brkp-5bp
"
714,31.0,1.0," 714_20bp-Brkp-20bp
"
715,31.0,1.0," 715_5bp-Brkp-35bp
"
716,31.0,1.0," 716_10bp-Brkp-30bp
"
717,31.0,1.0," 717_35bp-Brkp-5bp
"
719,31.0,1.0," 719_5bp-Brkp-35bp
"
721,31.0,1.0," 721_35bp-Brkp-5bp
"
724,31.0,1.0," 724_10bp-Brkp-30bp
"
725,31.0,1.0," 725_35bp-Brkp-5bp
"
729,31.0,1.0," 729_35bp-Brkp-5bp
"
730,31.0,1.0," 730_20bp-Brkp-20bp
"
731,31.0,1.0," 731_5bp-Brkp-35bp
"
733,31.0,1.0," 733_35bp-Brkp-5bp
"
734,31.0,1.0," 734_20bp-Brkp-20bp
"
736,31.0,1.0," 736_10bp-Brkp-30bp
"
740,31.0,1.0," 740_10bp-Brkp-30bp
"
742,31.0,1.0," 742_20bp-Brkp-20bp
"
748,31.0,1.0," 748_10bp-Brkp-30bp
"
750,31.0,1.0," 750_20bp-Brkp-20bp
"
751,31.0,1.0," 751_5bp-Brkp-35bp
"
752,31.0,1.0," 752_10bp-Brkp-30bp
"
753,31.0,1.0," 753_35bp-Brkp-5bp
"
755,31.0,1.0," 755_5bp-Brkp-35bp
"
757,31.0,1.0," 757_35bp-Brkp-5bp
"
758,31.0,1.0," 758_20bp-Brkp-20bp
"
761,31.0,1.0," 761_35bp-Brkp-5bp
"
762,31.0,1.0," 762_20bp-Brkp-20bp
"
763,31.0,1.0," 763_5bp-Brkp-35bp
"
765,31.0,1.0," 765_35bp-Brkp-5bp
"
769,31.0,1.0," 769_35bp-Brkp-5bp
"
770,31.0,1.0," 770_20bp-Brkp-20bp
"
771,31.0,1.0," 771_5bp-Brkp-35bp
"
772,31.0,1.0," 772_10bp-Brkp-30bp
"
773,31.0,1.0," 773_35bp-Brkp-5bp
"
774,31.0,1.0," 774_20bp-Brkp-20bp
"
775,31.0,1.0," 775_5bp-Brkp-35bp
"
779,31.0,1.0," 779_5bp-Brkp-35bp
"
782,31.0,1.0," 782_20bp-Brkp-20bp
"
783,31.0,1.0," 783_5bp-Brkp-35bp
"
784,31.0,1.0," 784_10bp-Brkp-30bp
"
786,31.0,1.0," 786_20bp-Brkp-20bp
"
788,31.0,1.0," 788_10bp-Brkp-30bp
"
789,31.0,1.0," 789_35bp-Brkp-5bp
"
793,31.0,1.0," 793_35bp-Brkp-5bp
"
796,31.0,1.0," 796_10bp-Brkp-30bp
"
797,31.0,1.0," 797_35bp-Brkp-5bp
"
798,31.0,1.0," 798_20bp-Brkp-20bp
"
799,31.0,1.0," 799_5bp-Brkp-35bp
"
800,31.0,1.0," 800_10bp-Brkp-30bp
"
803,31.0,1.0," 803_5bp-Brkp-35bp
"
805,31.0,1.0," 805_35bp-Brkp-5bp
"
810,31.0,1.0," 810_20bp-Brkp-20bp
"
811,31.0,1.0," 811_5bp-Brkp-35bp
"
812,31.0,1.0," 812_10bp-Brkp-30bp
"
814,31.0,1.0," 814_20bp-Brkp-20bp
"
816,31.0,1.0," 816_10bp-Brkp-30bp
"
817,31.0,1.0," 817_35bp-Brkp-5bp
"
819,31.0,1.0," 819_5bp-Brkp-35bp
"
826,31.0,1.0," 826_20bp-Brkp-20bp
"
827,31.0,1.0," 827_5bp-Brkp-35bp
"
828,31.0,1.0," 828_10bp-Brkp-30bp
"
829,31.0,1.0," 829_35bp-Brkp-5bp
"
830,31.0,1.0," 830_20bp-Brkp-20bp
"
831,31.0,1.0," 831_5bp-Brkp-35bp
"
832,31.0,1.0," 832_10bp-Brkp-30bp
"
833,31.0,1.0," 833_35bp-Brkp-5bp
"
834,31.0,1.0," 834_20bp-Brkp-20bp
"
838,31.0,1.0," 838_20bp-Brkp-20bp
"
839,31.0,1.0," 839_5bp-Brkp-35bp
"
849,31.0,1.0," 849_35bp-Brkp-5bp
"
850,31.0,1.0," 850_20bp-Brkp-20bp
"
852,31.0,1.0," 852_10bp-Brkp-30bp
"
853,31.0,1.0," 853_35bp-Brkp-5bp
"
856,31.0,1.0," 856_10bp-Brkp-30bp
"
858,31.0,1.0," 858_20bp-Brkp-20bp
"
859,31.0,1.0," 859_5bp-Brkp-35bp
"
860,31.0,1.0," 860_10bp-Brkp-30bp
"
862,31.0,1.0," 862_20bp-Brkp-20bp
"
864,31.0,1.0," 864_10bp-Brkp-30bp
"
865,31.0,1.0," 865_35bp-Brkp-5bp
"
866,31.0,1.0," 866_20bp-Brkp-20bp
"
868,31.0,1.0," 868_10bp-Brkp-30bp
"
869,31.0,1.0," 869_35bp-Brkp-5bp
"
870,31.0,1.0," 870_20bp-Brkp-20bp
"
873,31.0,1.0," 873_35bp-Brkp-5bp
"
876,31.0,1.0," 876_10bp-Brkp-30bp
"
877,31.0,1.0," 877_35bp-Brkp-5bp
"
878,31.0,1.0," 878_20bp-Brkp-20bp
"
879,31.0,1.0," 879_5bp-Brkp-35bp
"
882,31.0,1.0," 882_20bp-Brkp-20bp
"
883,31.0,1.0," 883_5bp-Brkp-35bp
"
884,31.0,1.0," 884_10bp-Brkp-30bp
"
885,31.0,1.0," 885_35bp-Brkp-5bp
"
886,31.0,1.0," 886_20bp-Brkp-20bp
"
887,31.0,1.0," 887_5bp-Brkp-35bp
"
888,31.0,1.0," 888_10bp-Brkp-30bp
"
891,31.0,1.0," 891_5bp-Brkp-35bp
"
899,31.0,1.0," 899_5bp-Brkp-35bp
"
900,31.0,1.0," 900_10bp-Brkp-30bp
"
904,31.0,1.0," 904_10bp-Brkp-30bp
"
907,31.0,1.0," 907_5bp-Brkp-35bp
"
909,31.0,1.0," 909_35bp-Brkp-5bp
"
911,31.0,1.0," 911_5bp-Brkp-35bp
"
913,31.0,1.0," 913_35bp-Brkp-5bp
"
914,31.0,1.0," 914_20bp-Brkp-20bp
"
917,31.0,1.0," 917_35bp-Brkp-5bp
"
918,31.0,1.0," 918_20bp-Brkp-20bp
"
923,31.0,1.0," 923_5bp-Brkp-35bp
"
925,31.0,1.0," 925_35bp-Brkp-5bp
"
929,31.0,1.0," 929_35bp-Brkp-5bp
"
931,31.0,1.0," 931_5bp-Brkp-35bp
"
933,31.0,1.0," 933_35bp-Brkp-5bp
"
936,31.0,1.0," 936_10bp-Brkp-30bp
"
939,31.0,1.0," 939_5bp-Brkp-35bp
"
942,31.0,1.0," 942_20bp-Brkp-20bp
"
943,31.0,1.0," 943_5bp-Brkp-35bp
"
953,31.0,1.0," 953_35bp-Brkp-5bp
"
954,31.0,1.0," 954_20bp-Brkp-20bp
"
956,31.0,1.0," 956_10bp-Brkp-30bp
"
957,31.0,1.0," 957_35bp-Brkp-5bp
"
958,31.0,1.0," 958_20bp-Brkp-20bp
"
962,31.0,1.0," 962_20bp-Brkp-20bp
"
963,31.0,1.0," 963_5bp-Brkp-35bp
"
964,31.0,1.0," 964_10bp-Brkp-30bp
"
965,31.0,1.0," 965_35bp-Brkp-5bp
"
971,31.0,1.0," 971_5bp-Brkp-35bp
"
972,31.0,1.0," 972_10bp-Brkp-30bp
"
974,31.0,1.0," 974_20bp-Brkp-20bp
"
977,31.0,1.0," 977_35bp-Brkp-5bp
"
981,31.0,1.0," 981_35bp-Brkp-5bp
"
985,31.0,1.0," 985_35bp-Brkp-5bp
"
987,31.0,1.0," 987_5bp-Brkp-35bp
"
988,31.0,1.0," 988_10bp-Brkp-30bp
"
991,31.0,1.0," 991_5bp-Brkp-35bp
"
995,31.0,1.0," 995_5bp-Brkp-35bp
"
996,31.0,1.0," 996_10bp-Brkp-30bp
"
997,31.0,1.0," 997_35bp-Brkp-5bp
"
998,31.0,1.0," 998_20bp-Brkp-20bp
"
999,31.0,1.0," 999_5bp-Brkp-35bp
"
1000,31.0,1.0," 1000_10bp-Brkp-30bp
"
1001,31.0,1.0," 1001_35bp-Brkp-5bp
"
1002,31.0,1.0," 1002_20bp-Brkp-20bp
"
1004,31.0,1.0," 1004_10bp-Brkp-30bp
"
1005,31.0,1.0," 1005_35bp-Brkp-5bp
"
1008,31.0,1.0," 1008_10bp-Brkp-30bp
"
1009,31.0,1.0," 1009_35bp-Brkp-5bp
"
1011,31.0,1.0," 1011_5bp-Brkp-35bp
"
1014,31.0,1.0," 1014_20bp-Brkp-20bp
"
1016,31.0,1.0," 1016_10bp-Brkp-30bp
"
1021,31.0,1.0," 1021_35bp-Brkp-5bp
"
1023,31.0,1.0," 1023_5bp-Brkp-35bp
"
1024,31.0,1.0," 1024_10bp-Brkp-30bp
"
1026,31.0,1.0," 1026_20bp-Brkp-20bp
"
1037,31.0,1.0," 1037_35bp-Brkp-5bp
"
1038,31.0,1.0," 1038_20bp-Brkp-20bp
"
1039,31.0,1.0," 1039_5bp-Brkp-35bp
"
1040,31.0,1.0," 1040_10bp-Brkp-30bp
"
1041,31.0,1.0," 1041_35bp-Brkp-5bp
"
1042,31.0,1.0," 1042_20bp-Brkp-20bp
"
1047,31.0,1.0," 1047_5bp-Brkp-35bp
"
1049,31.0,1.0," 1049_35bp-Brkp-5bp
"
1056,31.0,1.0," 1056_10bp-Brkp-30bp
"
1057,31.0,1.0," 1057_35bp-Brkp-5bp
"
1058,31.0,1.0," 1058_20bp-Brkp-20bp
"
1059,31.0,1.0," 1059_5bp-Brkp-35bp
"
1064,31.0,1.0," 1064_10bp-Brkp-30bp
"
1070,31.0,1.0," 1070_20bp-Brkp-20bp
"
1071,31.0,1.0," 1071_5bp-Brkp-35bp
"
1072,31.0,1.0," 1072_10bp-Brkp-30bp
"
1073,31.0,1.0," 1073_35bp-Brkp-5bp
"
1079,31.0,1.0," 1079_5bp-Brkp-35bp
"
1080,31.0,1.0," 1080_10bp-Brkp-30bp
"
1084,31.0,1.0," 1084_10bp-Brkp-30bp
"
1086,31.0,1.0," 1086_20bp-Brkp-20bp
"
1088,31.0,1.0," 1088_10bp-Brkp-30bp
"
1093,31.0,1.0," 1093_35bp-Brkp-5bp
"
1110,31.0,1.0," 1110_20bp-Brkp-20bp
"
1111,31.0,1.0," 1111_5bp-Brkp-35bp
"
1116,31.0,1.0," 1116_10bp-Brkp-30bp
"
1118,31.0,1.0," 1118_20bp-Brkp-20bp
"
1119,31.0,1.0," 1119_5bp-Brkp-35bp
"
1120,31.0,1.0," 1120_10bp-Brkp-30bp
"
1124,31.0,1.0," 1124_10bp-Brkp-30bp
"
1144,31.0,1.0," 1144_10bp-Brkp-30bp
"
1146,31.0,1.0," 1146_20bp-Brkp-20bp
"
1149,31.0,1.0," 1149_35bp-Brkp-5bp
"
1162,31.0,1.0," 1162_20bp-Brkp-20bp
"
1164,31.0,1.0," 1164_10bp-Brkp-30bp
"
1165,31.0,1.0," 1165_35bp-Brkp-5bp
"
1167,31.0,1.0," 1167_5bp-Brkp-35bp
"
1179,31.0,1.0," 1179_5bp-Brkp-35bp
"
1182,31.0,1.0," 1182_20bp-Brkp-20bp
"
1184,31.0,1.0," 1184_10bp-Brkp-30bp
"
1185,31.0,1.0," 1185_35bp-Brkp-5bp
"
1186,31.0,1.0," 1186_20bp-Brkp-20bp
"
1187,31.0,1.0," 1187_5bp-Brkp-35bp
"
1190,31.0,1.0," 1190_20bp-Brkp-20bp
"
1193,31.0,1.0," 1193_35bp-Brkp-5bp
"
1196,31.0,1.0," 1196_10bp-Brkp-30bp
"
1205,31.0,1.0," 1205_35bp-Brkp-5bp
"
1209,31.0,1.0," 1209_35bp-Brkp-5bp
"
1212,31.0,1.0," 1212_10bp-Brkp-30bp
"
1216,31.0,1.0," 1216_10bp-Brkp-30bp
"
1222,31.0,1.0," 1222_20bp-Brkp-20bp
"
1234,31.0,1.0," 1234_20bp-Brkp-20bp
"
1235,31.0,1.0," 1235_5bp-Brkp-35bp
"
1240,31.0,1.0," 1240_10bp-Brkp-30bp
"
1245,31.0,1.0," 1245_35bp-Brkp-5bp
"
1247,31.0,1.0," 1247_5bp-Brkp-35bp
"
1248,31.0,1.0," 1248_10bp-Brkp-30bp
"
1251,31.0,1.0," 1251_5bp-Brkp-35bp
"
1260,31.0,1.0," 1260_10bp-Brkp-30bp
"
1262,31.0,1.0," 1262_20bp-Brkp-20bp
"
1291,31.0,1.0," 1291_5bp-Brkp-35bp
"
1299,31.0,1.0," 1299_5bp-Brkp-35bp
"
1300,31.0,1.0," 1300_10bp-Brkp-30bp
"
1303,31.0,1.0," 1303_5bp-Brkp-35bp
"
1317,31.0,1.0," 1317_35bp-Brkp-5bp
"
1324,31.0,1.0," 1324_10bp-Brkp-30bp
"
1329,31.0,1.0," 1329_35bp-Brkp-5bp
"
1342,31.0,1.0," 1342_20bp-Brkp-20bp
"
1356,31.0,1.0," 1356_10bp-Brkp-30bp
"
1359,31.0,1.0," 1359_5bp-Brkp-35bp
"
1360,31.0,1.0," 1360_10bp-Brkp-30bp
"
1370,31.0,1.0," 1370_20bp-Brkp-20bp
"
1371,31.0,1.0," 1371_5bp-Brkp-35bp
"
1373,31.0,1.0," 1373_35bp-Brkp-5bp
"
1387,31.0,1.0," 1387_5bp-Brkp-35bp
"
1403,31.0,1.0," 1403_5bp-Brkp-35bp
"
1404,31.0,1.0," 1404_10bp-Brkp-30bp
"
1405,31.0,1.0," 1405_35bp-Brkp-5bp
"
1409,31.0,1.0," 1409_35bp-Brkp-5bp
"
1410,31.0,1.0," 1410_20bp-Brkp-20bp
"
1411,31.0,1.0," 1411_5bp-Brkp-35bp
"
1412,31.0,1.0," 1412_10bp-Brkp-30bp
"
1415,31.0,1.0," 1415_5bp-Brkp-35bp
"
1417,31.0,1.0," 1417_35bp-Brkp-5bp
"
1419,31.0,1.0," 1419_5bp-Brkp-35bp
"
1422,31.0,1.0," 1422_20bp-Brkp-20bp
"
1439,31.0,1.0," 1439_5bp-Brkp-35bp
"
1441,31.0,1.0," 1441_35bp-Brkp-5bp
"
1445,31.0,1.0," 1445_35bp-Brkp-5bp
"
1458,31.0,1.0," 1458_20bp-Brkp-20bp
"
1459,31.0,1.0," 1459_5bp-Brkp-35bp
"
1476,31.0,1.0," 1476_10bp-Brkp-30bp
"
1483,31.0,1.0," 1483_5bp-Brkp-35bp
"
1492,31.0,1.0," 1492_10bp-Brkp-30bp
"
1496,31.0,1.0," 1496_10bp-Brkp-30bp
"
1497,31.0,1.0," 1497_35bp-Brkp-5bp
"
1502,31.0,1.0," 1502_20bp-Brkp-20bp
"
1503,31.0,1.0," 1503_5bp-Brkp-35bp
"
1510,31.0,1.0," 1510_20bp-Brkp-20bp
"
1512,31.0,1.0," 1512_10bp-Brkp-30bp
"
1513,31.0,1.0," 1513_35bp-Brkp-5bp
"
1514,31.0,1.0," 1514_20bp-Brkp-20bp
"
1519,31.0,1.0," 1519_5bp-Brkp-35bp
"
1527,31.0,1.0," 1527_5bp-Brkp-35bp
"
1530,31.0,1.0," 1530_20bp-Brkp-20bp
"
1531,31.0,1.0," 1531_5bp-Brkp-35bp
"
1534,31.0,1.0," 1534_20bp-Brkp-20bp
"
1536,31.0,1.0," 1536_10bp-Brkp-30bp
"
1537,31.0,1.0," 1537_35bp-Brkp-5bp
"
1540,31.0,1.0," 1540_10bp-Brkp-30bp
"
1542,31.0,1.0," 1542_20bp-Brkp-20bp
"
1545,31.0,1.0," 1545_35bp-Brkp-5bp
"
1557,31.0,1.0," 1557_35bp-Brkp-5bp
"
1561,31.0,1.0," 1561_35bp-Brkp-5bp
"
1571,31.0,1.0," 1571_5bp-Brkp-35bp
"
1586,31.0,1.0," 1586_20bp-Brkp-20bp
"
1591,31.0,1.0," 1591_5bp-Brkp-35bp
"
1597,31.0,1.0," 1597_35bp-Brkp-5bp
"
1606,31.0,1.0," 1606_20bp-Brkp-20bp
"
1610,31.0,1.0," 1610_20bp-Brkp-20bp
"
1612,31.0,1.0," 1612_10bp-Brkp-30bp
"
1618,31.0,1.0," 1618_20bp-Brkp-20bp
"
1644,31.0,1.0," 1644_10bp-Brkp-30bp
"
1646,31.0,1.0," 1646_20bp-Brkp-20bp
"
1648,31.0,1.0," 1648_10bp-Brkp-30bp
"
1652,31.0,1.0," 1652_10bp-Brkp-30bp
"
1656,31.0,1.0," 1656_10bp-Brkp-30bp
"
1657,31.0,1.0," 1657_35bp-Brkp-5bp
"
1658,31.0,1.0," 1658_20bp-Brkp-20bp
"
1659,31.0,1.0," 1659_5bp-Brkp-35bp
"
1664,31.0,1.0," 1664_10bp-Brkp-30bp
"
1667,31.0,1.0," 1667_5bp-Brkp-35bp
"
1669,31.0,1.0," 1669_35bp-Brkp-5bp
"
1673,31.0,1.0," 1673_35bp-Brkp-5bp
"
1678,31.0,1.0," 1678_20bp-Brkp-20bp
"
1679,31.0,1.0," 1679_5bp-Brkp-35bp
"
1681,31.0,1.0," 1681_35bp-Brkp-5bp
"
1684,31.0,1.0," 1684_10bp-Brkp-30bp
"
1686,31.0,1.0," 1686_20bp-Brkp-20bp
"
1690,31.0,1.0," 1690_20bp-Brkp-20bp
"
1696,31.0,1.0," 1696_10bp-Brkp-30bp
"
1699,31.0,1.0," 1699_5bp-Brkp-35bp
"
1702,31.0,1.0," 1702_20bp-Brkp-20bp
"
1707,31.0,1.0," 1707_5bp-Brkp-35bp
"
1711,31.0,1.0," 1711_5bp-Brkp-35bp
"
1718,31.0,1.0," 1718_20bp-Brkp-20bp
"
1726,31.0,1.0," 1726_20bp-Brkp-20bp
"
1730,31.0,1.0," 1730_20bp-Brkp-20bp
"
1753,31.0,1.0," 1753_35bp-Brkp-5bp
"
1754,31.0,1.0," 1754_20bp-Brkp-20bp
"
1755,31.0,1.0," 1755_5bp-Brkp-35bp
"
1771,31.0,1.0," 1771_5bp-Brkp-35bp
"
1774,31.0,1.0," 1774_20bp-Brkp-20bp
"
1775,31.0,1.0," 1775_5bp-Brkp-35bp
"
1779,31.0,1.0," 1779_5bp-Brkp-35bp
"
1782,31.0,1.0," 1782_20bp-Brkp-20bp
"
1797,31.0,1.0," 1797_35bp-Brkp-5bp
"
1799,31.0,1.0," 1799_5bp-Brkp-35bp
"
1811,31.0,1.0," 1811_5bp-Brkp-35bp
"
1815,31.0,1.0," 1815_5bp-Brkp-35bp
"
1817,31.0,1.0," 1817_35bp-Brkp-5bp
"
