Count,Proportion,StartA,EndA,StrandA,StartB,EndB,StrandB
42,0.0001914,5,1831,f,5,1831,t
40,0.0001823,5,1831,f,5,1831,t
38,0.0001732,157,1831,f,98,1831,t
33,0.0001504,5,1831,f,5,1831,t
32,0.0001458,157,1831,f,98,1831,t
26,0.0001185,611,1831,f,611,1831,t
24,0.0001094,157,1831,f,98,1831,t
23,0.0001048,98,1831,f,157,1831,t
23,0.0001048,98,1831,f,157,1831,t
22,0.0001002,611,1831,f,611,1831,t
22,0.0001002,157,1831,f,98,1831,t
19,0.0000866,865,1831,f,865,1831,t
19,0.0000866,652,1831,f,665,1831,t
19,0.0000866,227,1831,f,156,1831,t
17,0.0000775,98,1831,f,157,1831,t
16,0.0000729,665,1831,f,652,1831,t
16,0.0000729,420,1831,f,360,1831,t
16,0.0000729,157,1831,f,98,1831,t
16,0.0000729,865,1831,f,865,1831,t
16,0.0000729,5,1831,f,5,1831,t
16,0.0000729,5,1831,f,5,1831,t
15,0.0000684,98,1831,f,157,1831,t
14,0.0000638,665,1831,f,652,1831,t
13,0.0000592,98,1831,f,157,1831,t
13,0.0000592,5,1831,f,5,1831,t
13,0.0000592,652,1831,f,665,1831,t
13,0.0000592,420,1831,f,360,1831,t
12,0.0000547,865,1831,f,865,1831,t
12,0.0000547,420,1831,f,360,1831,t
11,0.0000501,865,1831,f,865,1831,t
11,0.0000501,156,1831,f,227,1831,t
11,0.0000501,227,1831,f,156,1831,t
10,0.0000456,227,1831,f,156,1831,t
10,0.0000456,648,1831,f,671,1831,t
9,0.0000410,157,1831,f,98,1831,t
9,0.0000410,652,1831,f,665,1831,t
9,0.0000410,156,1831,f,227,1831,t
8,0.0000365,648,1831,f,671,1831,t
8,0.0000365,156,1831,f,227,1831,t
8,0.0000365,865,1831,f,865,1831,t
8,0.0000365,671,1831,f,648,1831,t
8,0.0000365,360,1831,f,420,1831,t
8,0.0000365,156,1831,f,227,1831,t
7,0.0000319,865,1831,f,865,1831,t
7,0.0000319,611,1831,f,611,1831,t
7,0.0000319,421,1831,f,360,1831,t
7,0.0000319,420,1831,f,360,1831,t
7,0.0000319,360,1831,f,420,1831,t
7,0.0000319,223,1831,f,196,1831,t
7,0.0000319,665,1831,f,652,1831,t
7,0.0000319,611,1831,f,611,1831,t
7,0.0000319,420,1831,f,360,1831,t
7,0.0000319,227,1831,f,156,1831,t
7,0.0000319,98,1831,f,157,1831,t
7,0.0000319,611,1831,f,611,1831,t
7,0.0000319,157,1831,f,98,1831,t
6,0.0000273,156,1831,f,227,1831,t
6,0.0000273,702,1831,f,702,1831,t
6,0.0000273,665,1831,f,652,1831,t
6,0.0000273,611,1831,f,611,1831,t
6,0.0000273,441,1831,f,441,1831,t
6,0.0000273,360,1831,f,420,1831,t
6,0.0000273,98,1831,f,157,1831,t
6,0.0000273,360,1831,f,420,1831,t
6,0.0000273,665,1831,f,652,1831,t
5,0.0000228,98,1831,f,157,1831,t
5,0.0000228,652,1831,f,665,1831,t
5,0.0000228,420,1831,f,360,1831,t
5,0.0000228,227,1831,f,156,1831,t
5,0.0000228,455,1831,f,443,1831,t
5,0.0000228,360,1831,f,421,1831,t
5,0.0000228,352,1831,f,421,1831,t
5,0.0000228,227,1831,f,156,1831,t
5,0.0000228,865,1831,f,865,1831,t
5,0.0000228,652,1831,f,665,1831,t
5,0.0000228,196,1831,f,223,1831,t
5,0.0000228,196,1831,f,223,1831,t
5,0.0000228,108,1831,f,108,1831,t
5,0.0000228,865,1831,f,865,1831,t
5,0.0000228,774,1831,f,774,1831,t
5,0.0000228,652,1831,f,665,1831,t
5,0.0000228,5,1831,f,5,1831,t
5,0.0000228,420,1831,f,360,1831,t
4,0.0000182,5,1831,f,5,1831,t
4,0.0000182,5,1831,f,5,1831,t
4,0.0000182,157,1831,f,98,1831,t
4,0.0000182,834,1831,f,834,1831,t
4,0.0000182,774,1831,f,774,1831,t
4,0.0000182,657,1831,f,657,1831,t
4,0.0000182,652,1831,f,652,1831,t
4,0.0000182,602,1831,f,586,1831,t
4,0.0000182,5,1831,f,5,1831,t
4,0.0000182,428,1831,f,360,1831,t
4,0.0000182,428,1831,f,360,1831,t
4,0.0000182,360,1831,f,421,1831,t
4,0.0000182,1659,1831,f,1673,1831,t
4,0.0000182,108,1831,f,108,1831,t
4,0.0000182,814,1831,f,814,1831,t
4,0.0000182,657,1831,f,657,1831,t
4,0.0000182,555,1831,f,555,1831,t
4,0.0000182,422,1831,f,352,1831,t
4,0.0000182,360,1831,f,428,1831,t
4,0.0000182,360,1831,f,428,1831,t
4,0.0000182,352,1831,f,421,1831,t
4,0.0000182,352,1831,f,420,1831,t
4,0.0000182,264,1831,f,448,1831,t
4,0.0000182,223,1831,f,196,1831,t
4,0.0000182,155,1831,f,155,1831,t
4,0.0000182,648,1831,f,671,1831,t
4,0.0000182,420,1831,f,360,1831,t
4,0.0000182,360,1831,f,428,1831,t
3,0.0000137,1771,1831,f,1690,1831,t
3,0.0000137,611,1831,f,611,1831,t
3,0.0000137,774,1831,f,774,1831,t
3,0.0000137,652,1831,f,665,1831,t
3,0.0000137,196,1831,f,223,1831,t
3,0.0000137,98,1831,f,157,1831,t
3,0.0000137,865,1831,f,878,1831,t
3,0.0000137,850,1831,f,830,1831,t
3,0.0000137,814,1831,f,827,1831,t
3,0.0000137,812,1831,f,797,1831,t
3,0.0000137,774,1831,f,774,1831,t
3,0.0000137,774,1831,f,771,1831,t
3,0.0000137,757,1831,f,774,1831,t
3,0.0000137,671,1831,f,648,1831,t
3,0.0000137,648,1831,f,671,1831,t
3,0.0000137,641,1831,f,620,1831,t
3,0.0000137,611,1831,f,611,1831,t
3,0.0000137,520,1831,f,497,1831,t
3,0.0000137,455,1831,f,443,1831,t
3,0.0000137,427,1831,f,361,1831,t
3,0.0000137,420,1831,f,360,1831,t
3,0.0000137,360,1831,f,423,1831,t
3,0.0000137,352,1831,f,422,1831,t
3,0.0000137,352,1831,f,420,1831,t
3,0.0000137,264,1831,f,448,1831,t
3,0.0000137,196,1831,f,223,1831,t
3,0.0000137,196,1831,f,223,1831,t
3,0.0000137,189,1831,f,189,1831,t
3,0.0000137,157,1831,f,98,1831,t
3,0.0000137,1016,1831,f,939,1831,t
3,0.0000137,980,1831,f,972,1831,t
3,0.0000137,828,1831,f,860,1831,t
3,0.0000137,812,1831,f,797,1831,t
3,0.0000137,774,1831,f,774,1831,t
3,0.0000137,657,1831,f,657,1831,t
3,0.0000137,652,1831,f,665,1831,t
3,0.0000137,620,1831,f,641,1831,t
3,0.0000137,585,1831,f,602,1831,t
3,0.0000137,552,1831,f,550,1831,t
3,0.0000137,523,1831,f,503,1831,t
3,0.0000137,497,1831,f,520,1831,t
3,0.0000137,455,1831,f,443,1831,t
3,0.0000137,441,1831,f,441,1831,t
3,0.0000137,431,1831,f,369,1831,t
3,0.0000137,422,1831,f,360,1831,t
3,0.0000137,421,1831,f,360,1831,t
3,0.0000137,420,1831,f,352,1831,t
3,0.0000137,360,1831,f,423,1831,t
3,0.0000137,360,1831,f,423,1831,t
3,0.0000137,360,1831,f,421,1831,t
3,0.0000137,352,1831,f,421,1831,t
3,0.0000137,223,1831,f,196,1831,t
3,0.0000137,157,1831,f,98,1831,t
3,0.0000137,154,1831,f,155,1831,t
3,0.0000137,98,1831,f,157,1831,t
3,0.0000137,865,1831,f,865,1831,t
3,0.0000137,814,1831,f,814,1831,t
3,0.0000137,657,1831,f,657,1831,t
3,0.0000137,352,1831,f,422,1831,t
3,0.0000137,227,1831,f,156,1831,t
3,0.0000137,108,1831,f,108,1831,t
3,0.0000137,98,1831,f,157,1831,t
3,0.0000137,652,1831,f,665,1831,t
3,0.0000137,157,1831,f,98,1831,t
2,0.0000091,157,1831,f,98,1831,t
2,0.0000091,652,1831,f,665,1831,t
2,0.0000091,98,1831,f,157,1831,t
2,0.0000091,865,1831,f,865,1831,t
2,0.0000091,5,1831,f,5,1831,t
2,0.0000091,420,1831,f,360,1831,t
2,0.0000091,999,1831,f,931,1831,t
2,0.0000091,865,1831,f,865,1831,t
2,0.0000091,865,1831,f,865,1831,t
2,0.0000091,865,1831,f,865,1831,t
2,0.0000091,860,1831,f,828,1831,t
2,0.0000091,665,1831,f,652,1831,t
2,0.0000091,652,1831,f,665,1831,t
2,0.0000091,641,1831,f,620,1831,t
2,0.0000091,602,1831,f,586,1831,t
2,0.0000091,552,1831,f,552,1831,t
2,0.0000091,520,1831,f,497,1831,t
2,0.0000091,5,1831,f,5,1831,t
2,0.0000091,5,1831,f,5,1831,t
2,0.0000091,449,1831,f,456,1831,t
2,0.0000091,448,1831,f,264,1831,t
2,0.0000091,442,1831,f,445,1831,t
2,0.0000091,420,1831,f,360,1831,t
2,0.0000091,360,1831,f,423,1831,t
2,0.0000091,360,1831,f,421,1831,t
2,0.0000091,227,1831,f,156,1831,t
2,0.0000091,156,1831,f,227,1831,t
2,0.0000091,155,1831,f,154,1831,t
2,0.0000091,108,1831,f,108,1831,t
2,0.0000091,102,1831,f,157,1831,t
2,0.0000091,999,1831,f,931,1831,t
2,0.0000091,997,1831,f,1041,1831,t
2,0.0000091,987,1831,f,987,1831,t
2,0.0000091,939,1831,f,1016,1831,t
2,0.0000091,834,1831,f,828,1831,t
2,0.0000091,834,1831,f,828,1831,t
2,0.0000091,828,1831,f,860,1831,t
2,0.0000091,824,1831,f,828,1831,t
2,0.0000091,814,1831,f,814,1831,t
2,0.0000091,814,1831,f,814,1831,t
2,0.0000091,797,1831,f,812,1831,t
2,0.0000091,774,1831,f,774,1831,t
2,0.0000091,774,1831,f,757,1831,t
2,0.0000091,671,1831,f,648,1831,t
2,0.0000091,665,1831,f,652,1831,t
2,0.0000091,657,1831,f,657,1831,t
2,0.0000091,657,1831,f,657,1831,t
2,0.0000091,652,1831,f,665,1831,t
2,0.0000091,652,1831,f,665,1831,t
2,0.0000091,612,1831,f,588,1831,t
2,0.0000091,588,1831,f,612,1831,t
2,0.0000091,588,1831,f,612,1831,t
2,0.0000091,586,1831,f,602,1831,t
2,0.0000091,586,1831,f,602,1831,t
2,0.0000091,581,1831,f,519,1831,t
2,0.0000091,569,1831,f,541,1831,t
2,0.0000091,553,1831,f,555,1831,t
2,0.0000091,552,1831,f,554,1831,t
2,0.0000091,547,1831,f,557,1831,t
2,0.0000091,541,1831,f,541,1831,t
2,0.0000091,529,1831,f,497,1831,t
2,0.0000091,520,1831,f,497,1831,t
2,0.0000091,514,1831,f,514,1831,t
2,0.0000091,5,1831,f,5,1831,t
2,0.0000091,497,1831,f,520,1831,t
2,0.0000091,497,1831,f,520,1831,t
2,0.0000091,481,1831,f,525,1831,t
2,0.0000091,476,1831,f,525,1831,t
2,0.0000091,463,1831,f,441,1831,t
2,0.0000091,460,1831,f,443,1831,t
2,0.0000091,448,1831,f,71,1831,t
2,0.0000091,433,1831,f,369,1831,t
2,0.0000091,428,1831,f,364,1831,t
2,0.0000091,423,1831,f,360,1831,t
2,0.0000091,423,1831,f,360,1831,t
2,0.0000091,422,1831,f,352,1831,t
2,0.0000091,421,1831,f,360,1831,t
2,0.0000091,420,1831,f,352,1831,t
2,0.0000091,419,1831,f,360,1831,t
2,0.0000091,363,1831,f,427,1831,t
2,0.0000091,360,1831,f,428,1831,t
2,0.0000091,360,1831,f,419,1831,t
2,0.0000091,352,1831,f,420,1831,t
2,0.0000091,271,1831,f,271,1831,t
2,0.0000091,267,1831,f,262,1831,t
2,0.0000091,223,1831,f,196,1831,t
2,0.0000091,1658,1831,f,1673,1831,t
2,0.0000091,156,1831,f,98,1831,t
2,0.0000091,156,1831,f,230,1831,t
2,0.0000091,155,1831,f,155,1831,t
2,0.0000091,155,1831,f,154,1831,t
2,0.0000091,1425,1831,f,1405,1831,t
2,0.0000091,108,1831,f,108,1831,t
2,0.0000091,987,1831,f,987,1831,t
2,0.0000091,94,1831,f,157,1831,t
2,0.0000091,939,1831,f,1016,1831,t
2,0.0000091,882,1831,f,869,1831,t
2,0.0000091,868,1831,f,865,1831,t
2,0.0000091,860,1831,f,828,1831,t
2,0.0000091,834,1831,f,834,1831,t
2,0.0000091,834,1831,f,828,1831,t
2,0.0000091,828,1831,f,834,1831,t
2,0.0000091,814,1831,f,814,1831,t
2,0.0000091,812,1831,f,796,1831,t
2,0.0000091,797,1831,f,812,1831,t
2,0.0000091,774,1831,f,774,1831,t
2,0.0000091,772,1831,f,774,1831,t
2,0.0000091,71,1831,f,448,1831,t
2,0.0000091,702,1831,f,702,1831,t
2,0.0000091,671,1831,f,648,1831,t
2,0.0000091,671,1831,f,648,1831,t
2,0.0000091,652,1831,f,659,1831,t
2,0.0000091,652,1831,f,652,1831,t
2,0.0000091,612,1831,f,588,1831,t
2,0.0000091,602,1831,f,586,1831,t
2,0.0000091,588,1831,f,612,1831,t
2,0.0000091,581,1831,f,519,1831,t
2,0.0000091,541,1831,f,569,1831,t
2,0.0000091,541,1831,f,554,1831,t
2,0.0000091,541,1831,f,541,1831,t
2,0.0000091,520,1831,f,497,1831,t
2,0.0000091,520,1831,f,497,1831,t
2,0.0000091,514,1831,f,514,1831,t
2,0.0000091,5,1831,f,5,1831,t
2,0.0000091,498,1831,f,520,1831,t
2,0.0000091,481,1831,f,525,1831,t
2,0.0000091,467,1831,f,440,1831,t
2,0.0000091,460,1831,f,443,1831,t
2,0.0000091,448,1831,f,264,1831,t
2,0.0000091,447,1831,f,447,1831,t
2,0.0000091,443,1831,f,453,1831,t
2,0.0000091,443,1831,f,443,1831,t
2,0.0000091,441,1831,f,441,1831,t
2,0.0000091,440,1831,f,455,1831,t
2,0.0000091,428,1831,f,360,1831,t
2,0.0000091,427,1831,f,360,1831,t
2,0.0000091,421,1831,f,352,1831,t
2,0.0000091,369,1831,f,432,1831,t
2,0.0000091,366,1831,f,430,1831,t
2,0.0000091,360,1831,f,424,1831,t
2,0.0000091,360,1831,f,422,1831,t
2,0.0000091,360,1831,f,421,1831,t
2,0.0000091,352,1831,f,422,1831,t
2,0.0000091,352,1831,f,422,1831,t
2,0.0000091,290,1831,f,299,1831,t
2,0.0000091,227,1831,f,156,1831,t
2,0.0000091,196,1831,f,196,1831,t
2,0.0000091,189,1831,f,189,1831,t
2,0.0000091,17,1831,f,1,1831,t
2,0.0000091,1673,1831,f,1658,1831,t
2,0.0000091,1658,1831,f,1673,1831,t
2,0.0000091,156,1831,f,227,1831,t
2,0.0000091,155,1831,f,154,1831,t
2,0.0000091,1041,1831,f,1073,1831,t
2,0.0000091,1026,1831,f,917,1831,t
2,0.0000091,1,1831,f,5,1831,t
2,0.0000091,98,1831,f,157,1831,t
2,0.0000091,98,1831,f,157,1831,t
2,0.0000091,882,1831,f,869,1831,t
2,0.0000091,828,1831,f,834,1831,t
2,0.0000091,671,1831,f,648,1831,t
2,0.0000091,665,1831,f,652,1831,t
2,0.0000091,665,1831,f,652,1831,t
2,0.0000091,652,1831,f,665,1831,t
2,0.0000091,652,1831,f,652,1831,t
2,0.0000091,611,1831,f,611,1831,t
2,0.0000091,541,1831,f,541,1831,t
2,0.0000091,5,1831,f,6,1831,t
2,0.0000091,497,1831,f,520,1831,t
2,0.0000091,441,1831,f,441,1831,t
2,0.0000091,427,1831,f,360,1831,t
2,0.0000091,424,1831,f,360,1831,t
2,0.0000091,360,1831,f,428,1831,t
2,0.0000091,360,1831,f,420,1831,t
2,0.0000091,360,1831,f,420,1831,t
2,0.0000091,352,1831,f,421,1831,t
2,0.0000091,264,1831,f,448,1831,t
2,0.0000091,196,1831,f,223,1831,t
2,0.0000091,189,1831,f,189,1831,t
2,0.0000091,1696,1831,f,1696,1831,t
2,0.0000091,156,1831,f,98,1831,t
2,0.0000091,156,1831,f,227,1831,t
2,0.0000091,156,1831,f,227,1831,t
2,0.0000091,154,1831,f,155,1831,t
2,0.0000091,665,1831,f,652,1831,t
2,0.0000091,652,1831,f,665,1831,t
2,0.0000091,611,1831,f,611,1831,t
2,0.0000091,5,1831,f,5,1831,t
2,0.0000091,157,1831,f,98,1831,t
2,0.0000091,157,1831,f,98,1831,t
2,0.0000091,420,1831,f,360,1831,t
2,0.0000091,665,1831,f,652,1831,t
2,0.0000091,5,1831,f,5,1831,t
2,0.0000091,1771,1831,f,1690,1831,t
2,0.0000091,427,1831,f,360,1831,t
1.5,0,360,1831,f,421,1831,t
1.5,0.0000137,360,1831,f,420,1831,t
1.5,0,865,1831,f,878,1831,t
1.5,0.0000137,865,1831,f,865,1831,t
1.5,0.0000137,157,1831,f,98,1831,t
1,0.0000046,1742,1831,f,1702,1831,t
1,0.0000046,360,1831,f,421,1831,t
1,0.0000046,611,1831,f,611,1831,t
1,0.0000046,774,1831,f,774,1831,t
1,0.0000046,1247,1831,f,1235,1831,t
1,0.0000046,641,1831,f,620,1831,t
1,0.0000046,615,1831,f,638,1831,t
1,0.0000046,498,1831,f,520,1831,t
1,0.0000046,1796,1831,f,1726,1831,t
1,0.0000046,1696,1831,f,1696,1831,t
1,0.0000046,1246,1831,f,1222,1831,t
1,0.0000046,1,205,t,1,205,f
1,0.0000046,98,1831,f,157,1831,t
1,0.0000046,693,1831,f,641,1831,t
1,0.0000046,678,1831,f,649,1831,t
1,0.0000046,648,1831,f,671,1831,t
1,0.0000046,611,1831,f,611,1831,t
1,0.0000046,602,1831,f,585,1831,t
1,0.0000046,427,1831,f,360,1831,t
1,0.0000046,230,1831,f,156,1831,t
1,0.0000046,1762,1831,f,1679,1831,t
1,0.0000046,1759,1831,f,1681,1831,t
1,0.0000046,1742,1831,f,1702,1831,t
1,0.0000046,1696,1831,f,1696,1831,t
1,0.0000046,1545,1831,f,1545,1831,t
1,0.0000046,1417,1831,f,1387,1831,t
1,0.0000046,1065,1831,f,884,1831,t
1,0.0000046,611,1831,f,611,1831,t
1,0.0000046,1,265,t,1,335,f
1,0.0000046,1,131,t,1,174,f
1,0.0000046,865,1831,f,882,1831,t
1,0.0000046,812,1831,f,797,1831,t
1,0.0000046,1771,1831,f,1690,1831,t
1,0.0000046,157,1831,f,98,1831,t
1,0.0000046,1519,1831,f,1519,1831,t
1,0.0000046,98,1831,f,157,1831,t
1,0.0000046,5,1831,f,5,1831,t
1,0.0000046,1771,1831,f,1690,1831,t
1,0.0000046,1742,1831,f,1702,1831,t
1,0.0000046,1356,1831,f,1356,1831,t
1,0.0000046,98,1831,f,157,1831,t
1,0.0000046,1793,1831,f,1657,1831,t
1,0.0000046,1771,1831,f,1690,1831,t
1,0.0000046,757,1831,f,763,1831,t
1,0.0000046,1742,1831,f,1702,1831,t
1,0.0000046,1181,1831,f,1606,1831,t
1,0.0000046,420,1831,f,360,1831,t
1,0.0000046,1811,1831,f,1775,1831,t
1,0.0000046,1696,1831,f,1696,1831,t
1,0.0000046,1673,1831,f,1659,1831,t
1,0.0000046,1607,1831,f,1534,1831,t
1,0.0000046,1514,1831,f,552,1831,t
1,0.0000046,1026,1831,f,917,1831,t
1,0.0000046,103,1831,f,239,1831,t
1,0.0000046,1,231,t,1,316,f
1,0.0000046,860,1831,f,828,1831,t
1,0.0000046,791,1831,f,687,1831,t
1,0.0000046,652,1831,f,657,1831,t
1,0.0000046,569,1831,f,541,1831,t
1,0.0000046,1771,1831,f,1690,1831,t
1,0.0000046,1771,1831,f,1648,1831,t
1,0.0000046,17,1831,f,1,1831,t
1,0.0000046,1696,1831,f,1696,1831,t
1,0.0000046,1696,1831,f,1696,1831,t
1,0.0000046,1618,1831,f,1299,1831,t
1,0.0000046,154,1831,f,155,1831,t
1,0.0000046,157,1831,f,98,1831,t
1,0.0000046,1,205,t,1,205,f
1,0.0000046,836,1831,f,860,1831,t
1,0.0000046,78,1831,f,84,1831,t
1,0.0000046,642,1831,f,671,1831,t
1,0.0000046,519,1831,f,498,1831,t
1,0.0000046,834,1831,f,828,1831,t
1,0.0000046,814,1831,f,826,1831,t
1,0.0000046,665,1831,f,652,1831,t
1,0.0000046,364,1831,f,427,1831,t
1,0.0000046,360,1831,f,420,1831,t
1,0.0000046,657,1831,f,657,1831,t
1,0.0000046,702,1831,f,686,1831,t
1,0.0000046,227,1831,f,156,1831,t
1,0.0000046,615,1831,f,586,1831,t
1,0.0000046,156,1831,f,233,1831,t
1,0.0000046,5,1831,f,5,1831,t
1,0.0000046,241,1831,f,314,1831,t
1,0.0000046,360,1831,f,420,1831,t
1,0.0000046,421,1831,f,360,1831,t
1,0.0000046,352,1831,f,420,1831,t
1,0.0000046,330,1831,f,282,1831,t
1,0.0000046,484,1831,f,438,1831,t
1,0.0000046,352,1831,f,420,1831,t
1,0.0000046,1,1831,f,1,1831,t
1,0.0000046,553,1831,f,553,1831,t
1,0.0000046,860,1831,f,828,1831,t
1,0.0000046,5,1831,f,5,1831,t
1,0.0000046,157,1831,f,98,1831,t
1,0.0000046,123,1831,f,123,1831,t
1,0.0000046,740,1831,f,730,1831,t
1,0.0000046,522,1831,f,437,1831,t
1,0.0000046,1782,1831,f,1513,1831,t
1,0.0000046,408,1831,f,352,1831,t
1,0.0000046,361,1831,f,427,1831,t
1,0.0000046,154,1831,f,155,1831,t
1,0.0000046,352,1831,f,421,1831,t
1,0.0000046,774,1831,f,771,1831,t
1,0.0000046,497,1831,f,520,1831,t
1,0.0000046,227,1831,f,156,1831,t
1,0.0000046,868,1831,f,888,1831,t
1,0.0000046,441,1831,f,440,1831,t
1,0.0000046,156,1831,f,230,1831,t
1,0.0000046,98,1831,f,157,1831,t
1,0.0000046,828,1831,f,1005,1831,t
1,0.0000046,1403,1831,f,1373,1831,t
1,0.0000046,814,1831,f,814,1831,t
1,0.0000046,781,1831,f,838,1831,t
1,0.0000046,612,1831,f,588,1831,t
1,0.0000046,420,1831,f,360,1831,t
1,0.0000046,398,1831,f,431,1831,t
1,0.0000046,1519,1831,f,1530,1831,t
1,0.0000046,416,1831,f,523,1831,t
1,0.0000046,936,1831,f,1005,1831,t
1,0.0000046,886,1831,f,900,1831,t
1,0.0000046,665,1831,f,652,1831,t
1,0.0000046,652,1831,f,665,1831,t
1,0.0000046,611,1831,f,611,1831,t
1,0.0000046,422,1831,f,360,1831,t
1,0.0000046,156,1831,f,234,1831,t
1,0.0000046,995,1831,f,956,1831,t
1,0.0000046,98,1831,f,157,1831,t
1,0.0000046,918,1831,f,891,1831,t
1,0.0000046,865,1831,f,865,1831,t
1,0.0000046,665,1831,f,652,1831,t
1,0.0000046,157,1831,f,98,1831,t
1,0.0000046,156,1831,f,227,1831,t
1,0.0000046,98,1831,f,157,1831,t
1,0.0000046,833,1831,f,833,1831,t
1,0.0000046,596,1831,f,596,1831,t
1,0.0000046,157,1823,f,98,1831,t
1,0.0000046,525,1831,f,481,1831,t
1,0.0000046,5,1831,f,5,1831,t
1,0.0000046,5,1831,f,5,1831,t
1,0.0000046,156,1831,f,227,1831,t
1,0.0000046,154,1831,f,155,1831,t
1,0.0000046,98,1831,f,157,1831,t
1,0.0000046,98,1831,f,157,1831,t
1,0.0000046,782,1831,f,774,1831,t
1,0.0000046,665,1831,f,652,1831,t
1,0.0000046,157,1831,f,138,1831,t
1,0.0000046,156,1831,f,227,1831,t
1,0.0000046,1417,1831,f,1417,1831,t
1,0.0000046,1389,1831,f,1458,1831,t
1,0.0000046,4,1831,f,5,1831,t
1,0.0000046,611,1831,f,611,1831,t
1,0.0000046,157,1831,f,98,1831,t
1,0.0000046,98,1831,f,157,1831,t
1,0.0000046,936,1831,f,1001,1831,t
1,0.0000046,865,1831,f,865,1831,t
1,0.0000046,821,1831,f,742,1831,t
1,0.0000046,665,1831,f,652,1831,t
1,0.0000046,552,1831,f,557,1831,t
1,0.0000046,5,1831,f,6,1831,t
1,0.0000046,5,1831,f,5,1831,t
1,0.0000046,484,1831,f,439,1831,t
1,0.0000046,448,1831,f,264,1831,t
1,0.0000046,422,1831,f,352,1831,t
1,0.0000046,420,1831,f,360,1831,t
1,0.0000046,360,1831,f,420,1831,t
1,0.0000046,17,1831,f,1,1831,t
1,0.0000046,1631,1831,f,1561,1831,t
1,0.0000046,157,1831,f,98,1831,t
1,0.0000046,157,1831,f,98,1831,t
1,0.0000046,1405,1831,f,1412,1831,t
1,0.0000046,865,1831,f,865,1831,t
1,0.0000046,860,1831,f,828,1831,t
1,0.0000046,814,1831,f,814,1831,t
1,0.0000046,612,1831,f,588,1831,t
1,0.0000046,5,1831,f,5,1831,t
1,0.0000046,5,1831,f,1,1831,t
1,0.0000046,427,1831,f,360,1831,t
1,0.0000046,360,1831,f,428,1831,t
1,0.0000046,222,1831,f,240,1831,t
1,0.0000046,1717,1831,f,1779,1831,t
1,0.0000046,157,1831,f,98,1831,t
1,0.0000046,765,1831,f,716,1831,t
1,0.0000046,566,1831,f,566,1831,t
1,0.0000046,562,1831,f,594,1831,t
1,0.0000046,990,1831,f,1360,1831,t
1,0.0000046,865,1831,f,865,1831,t
1,0.0000046,860,1831,f,833,1831,t
1,0.0000046,665,1831,f,652,1831,t
1,0.0000046,665,1831,f,652,1831,t
1,0.0000046,641,1831,f,620,1831,t
1,0.0000046,189,1831,f,189,1831,t
1,0.0000046,157,1831,f,98,1831,t
1,0.0000046,98,1831,f,157,1831,t
1,0.0000046,878,1831,f,878,1831,t
1,0.0000046,865,1831,f,865,1831,t
1,0.0000046,834,1831,f,834,1831,t
1,0.0000046,834,1831,f,828,1831,t
1,0.0000046,814,1831,f,814,1831,t
1,0.0000046,602,1831,f,586,1831,t
1,0.0000046,567,1831,f,547,1831,t
1,0.0000046,439,1831,f,462,1831,t
1,0.0000046,427,1831,f,364,1831,t
1,0.0000046,360,1831,f,428,1831,t
1,0.0000046,360,1831,f,423,1831,t
1,0.0000046,1608,1831,f,1209,1831,t
1,0.0000046,155,1831,f,155,1831,t
1,0.0000046,108,1831,f,108,1831,t
1,0.0000046,1,441,t,1,378,f
1,0.0000046,1,123,t,1,123,f
1,0.0000046,98,1831,f,157,1831,t
1,0.0000046,98,1831,f,157,1831,t
1,0.0000046,909,1831,f,816,1831,t
1,0.0000046,865,1831,f,865,1831,t
1,0.0000046,770,1831,f,721,1831,t
1,0.0000046,652,1831,f,665,1831,t
1,0.0000046,652,1831,f,665,1831,t
1,0.0000046,611,1831,f,611,1831,t
1,0.0000046,611,1831,f,611,1831,t
1,0.0000046,611,1831,f,611,1831,t
1,0.0000046,569,1831,f,569,1831,t
1,0.0000046,548,1831,f,547,1831,t
1,0.0000046,541,1831,f,541,1831,t
1,0.0000046,525,1831,f,481,1831,t
1,0.0000046,513,1831,f,514,1831,t
1,0.0000046,5,1831,f,5,1831,t
1,0.0000046,447,1831,f,447,1831,t
1,0.0000046,420,1831,f,360,1831,t
1,0.0000046,420,1831,f,360,1831,t
1,0.0000046,361,1831,f,427,1831,t
1,0.0000046,360,1831,f,428,1831,t
1,0.0000046,360,1831,f,420,1831,t
1,0.0000046,189,1831,f,189,1831,t
1,0.0000046,157,1831,f,98,1831,t
1,0.0000046,1568,1831,f,588,1831,t
1,0.0000046,156,1831,f,227,1831,t
1,0.0000046,155,1831,f,155,1831,t
1,0.0000046,1403,1831,f,1373,1831,t
1,0.0000046,999,1831,f,461,1831,t
1,0.0000046,98,1831,f,156,1831,t
1,0.0000046,931,1831,f,999,1831,t
1,0.0000046,925,1831,f,909,1831,t
1,0.0000046,885,1831,f,877,1831,t
1,0.0000046,884,1831,f,878,1831,t
1,0.0000046,853,1831,f,729,1831,t
1,0.0000046,828,1831,f,834,1831,t
1,0.0000046,812,1831,f,797,1831,t
1,0.0000046,774,1831,f,774,1831,t
1,0.0000046,693,1831,f,641,1831,t
1,0.0000046,689,1831,f,630,1831,t
1,0.0000046,657,1831,f,658,1831,t
1,0.0000046,657,1831,f,657,1831,t
1,0.0000046,657,1831,f,657,1831,t
1,0.0000046,652,1831,f,665,1831,t
1,0.0000046,652,1831,f,665,1831,t
1,0.0000046,652,1831,f,665,1831,t
1,0.0000046,648,1831,f,671,1831,t
1,0.0000046,621,1831,f,640,1831,t
1,0.0000046,620,1831,f,628,1831,t
1,0.0000046,609,1831,f,611,1831,t
1,0.0000046,604,1831,f,527,1831,t
1,0.0000046,586,1831,f,602,1831,t
1,0.0000046,580,1831,f,588,1831,t
1,0.0000046,554,1831,f,541,1831,t
1,0.0000046,541,1831,f,555,1831,t
1,0.0000046,516,1831,f,788,1831,t
1,0.0000046,5,1831,f,7,1831,t
1,0.0000046,5,1831,f,1,1831,t
1,0.0000046,497,1831,f,520,1831,t
1,0.0000046,448,1831,f,264,1831,t
1,0.0000046,443,1831,f,466,1831,t
1,0.0000046,432,1831,f,369,1831,t
1,0.0000046,428,1831,f,360,1831,t
1,0.0000046,426,1831,f,1646,1831,t
1,0.0000046,420,1831,f,360,1831,t
1,0.0000046,419,1831,f,360,1831,t
1,0.0000046,361,1831,f,427,1831,t
1,0.0000046,360,1831,f,424,1831,t
1,0.0000046,360,1831,f,420,1831,t
1,0.0000046,360,1831,f,420,1831,t
1,0.0000046,352,1831,f,423,1831,t
1,0.0000046,352,1831,f,421,1831,t
1,0.0000046,352,1831,f,420,1831,t
1,0.0000046,316,1831,f,360,1831,t
1,0.0000046,312,1831,f,312,1831,t
1,0.0000046,269,1831,f,346,1831,t
1,0.0000046,227,1831,f,156,1831,t
1,0.0000046,227,1831,f,156,1831,t
1,0.0000046,223,1831,f,196,1831,t
1,0.0000046,196,1831,f,223,1831,t
1,0.0000046,189,1831,f,189,1831,t
1,0.0000046,1673,1831,f,1658,1831,t
1,0.0000046,1648,1831,f,1771,1831,t
1,0.0000046,1616,1831,f,1612,1831,t
1,0.0000046,157,1831,f,98,1831,t
1,0.0000046,156,1831,f,98,1831,t
1,0.0000046,156,1831,f,227,1831,t
1,0.0000046,156,1831,f,227,1831,t
1,0.0000046,155,1831,f,155,1831,t
1,0.0000046,1397,1831,f,1324,1831,t
1,0.0000046,1195,1831,f,1251,1831,t
1,0.0000046,1026,1831,f,1021,1831,t
1,0.0000046,1014,1831,f,1021,1831,t
1,0.0000046,101,1831,f,157,1831,t
1,0.0000046,1,1831,f,5,1831,t
1,0.0000046,651,1831,f,665,1831,t
1,0.0000046,999,1831,f,931,1831,t
1,0.0000046,987,1831,f,987,1831,t
1,0.0000046,98,1831,f,157,1831,t
1,0.0000046,98,1831,f,157,1831,t
1,0.0000046,98,1831,f,157,1831,t
1,0.0000046,98,1831,f,154,1821,t
1,0.0000046,971,1831,f,971,1831,t
1,0.0000046,96,1831,f,69,1831,t
1,0.0000046,942,1831,f,882,1831,t
1,0.0000046,94,1831,f,157,1831,t
1,0.0000046,939,1831,f,1016,1831,t
1,0.0000046,933,1831,f,1016,1831,t
1,0.0000046,918,1831,f,891,1831,t
1,0.0000046,908,1831,f,907,1831,t
1,0.0000046,871,1831,f,828,1831,t
1,0.0000046,870,1831,f,868,1831,t
1,0.0000046,870,1831,f,799,1831,t
1,0.0000046,865,1831,f,878,1831,t
1,0.0000046,865,1831,f,878,1831,t
1,0.0000046,865,1831,f,865,1831,t
1,0.0000046,853,1831,f,758,1831,t
1,0.0000046,840,1831,f,811,1831,t
1,0.0000046,834,1831,f,834,1831,t
1,0.0000046,834,1831,f,828,1831,t
1,0.0000046,834,1831,f,828,1831,t
1,0.0000046,830,1831,f,819,1831,t
1,0.0000046,828,1831,f,860,1831,t
1,0.0000046,828,1831,f,860,1831,t
1,0.0000046,828,1831,f,834,1831,t
1,0.0000046,827,1831,f,814,1831,t
1,0.0000046,816,1831,f,909,1831,t
1,0.0000046,814,1831,f,827,1831,t
1,0.0000046,814,1831,f,814,1831,t
1,0.0000046,813,1831,f,803,1831,t
1,0.0000046,812,1831,f,797,1831,t
1,0.0000046,812,1831,f,796,1831,t
1,0.0000046,812,1831,f,796,1831,t
1,0.0000046,812,1831,f,796,1831,t
1,0.0000046,797,1831,f,812,1831,t
1,0.0000046,787,1831,f,834,1831,t
1,0.0000046,784,1831,f,654,1831,t
1,0.0000046,782,1831,f,774,1831,t
1,0.0000046,782,1831,f,702,1831,t
1,0.0000046,781,1831,f,772,1831,t
1,0.0000046,768,1831,f,736,1831,t
1,0.0000046,757,1831,f,774,1831,t
1,0.0000046,757,1831,f,773,1831,t
1,0.0000046,736,1831,f,736,1831,t
1,0.0000046,731,1831,f,789,1831,t
1,0.0000046,730,1831,f,770,1831,t
1,0.0000046,726,1831,f,765,1831,t
1,0.0000046,723,1831,f,701,1831,t
1,0.0000046,722,1831,f,755,1831,t
1,0.0000046,711,1831,f,719,1831,t
1,0.0000046,702,1831,f,772,1831,t
1,0.0000046,702,1831,f,702,1831,t
1,0.0000046,679,1831,f,648,1831,t
1,0.0000046,671,1831,f,648,1831,t
1,0.0000046,671,1831,f,648,1831,t
1,0.0000046,671,1831,f,648,1831,t
1,0.0000046,665,1831,f,652,1831,t
1,0.0000046,665,1831,f,652,1831,t
1,0.0000046,658,1831,f,652,1831,t
1,0.0000046,657,1831,f,657,1831,t
1,0.0000046,657,1831,f,657,1831,t
1,0.0000046,652,1831,f,665,1831,t
1,0.0000046,652,1831,f,652,1831,t
1,0.0000046,652,1831,f,652,1831,t
1,0.0000046,649,1831,f,634,1831,t
1,0.0000046,648,1831,f,671,1831,t
1,0.0000046,645,1831,f,558,1831,t
1,0.0000046,642,1831,f,671,1831,t
1,0.0000046,642,1831,f,671,1831,t
1,0.0000046,641,1831,f,620,1831,t
1,0.0000046,623,1831,f,645,1831,t
1,0.0000046,623,1831,f,615,1831,t
1,0.0000046,623,1831,f,615,1831,t
1,0.0000046,622,1831,f,641,1831,t
1,0.0000046,622,1831,f,620,1831,t
1,0.0000046,620,1831,f,641,1831,t
1,0.0000046,612,1831,f,588,1831,t
1,0.0000046,611,1831,f,612,1831,t
1,0.0000046,611,1831,f,611,1831,t
1,0.0000046,611,1831,f,611,1831,t
1,0.0000046,611,1831,f,609,1831,t
1,0.0000046,611,1831,f,553,1831,t
1,0.0000046,602,1831,f,584,1831,t
1,0.0000046,601,1831,f,586,1831,t
1,0.0000046,600,1831,f,585,1831,t
1,0.0000046,585,1831,f,595,1831,t
1,0.0000046,585,1831,f,567,1831,t
1,0.0000046,584,1831,f,511,1831,t
1,0.0000046,580,1831,f,523,1831,t
1,0.0000046,566,1831,f,566,1831,t
1,0.0000046,559,1831,f,552,1831,t
1,0.0000046,555,1831,f,553,1831,t
1,0.0000046,555,1831,f,546,1831,t
1,0.0000046,552,1831,f,550,1831,t
1,0.0000046,547,1831,f,563,1831,t
1,0.0000046,541,1831,f,569,1831,t
1,0.0000046,541,1831,f,569,1831,t
1,0.0000046,541,1831,f,541,1831,t
1,0.0000046,532,1831,f,540,1831,t
1,0.0000046,521,1831,f,441,1831,t
1,0.0000046,520,1831,f,553,1831,t
1,0.0000046,520,1831,f,500,1831,t
1,0.0000046,520,1831,f,498,1831,t
1,0.0000046,520,1831,f,498,1831,t
1,0.0000046,520,1831,f,497,1831,t
1,0.0000046,514,1831,f,514,1831,t
1,0.0000046,506,1831,f,519,1831,t
1,0.0000046,5,1831,f,6,1831,t
1,0.0000046,5,1831,f,5,1831,t
1,0.0000046,5,1831,f,5,1831,t
1,0.0000046,5,1831,f,4,1831,t
1,0.0000046,498,1831,f,520,1831,t
1,0.0000046,498,1831,f,520,1831,t
1,0.0000046,497,1831,f,520,1831,t
1,0.0000046,479,1831,f,445,1831,t
1,0.0000046,467,1831,f,440,1831,t
1,0.0000046,462,1831,f,447,1831,t
1,0.0000046,457,1831,f,442,1831,t
1,0.0000046,447,1831,f,447,1831,t
1,0.0000046,446,1831,f,446,1831,t
1,0.0000046,444,1831,f,443,1831,t
1,0.0000046,442,1831,f,443,1831,t
1,0.0000046,442,1831,f,442,1831,t
1,0.0000046,439,1831,f,466,1831,t
1,0.0000046,439,1831,f,443,1831,t
1,0.0000046,430,1831,f,366,1831,t
1,0.0000046,428,1831,f,360,1831,t
1,0.0000046,428,1831,f,360,1829,t
1,0.0000046,427,1831,f,365,1831,t
1,0.0000046,427,1831,f,362,1831,t
1,0.0000046,427,1831,f,360,1831,t
1,0.0000046,427,1831,f,360,1831,t
1,0.0000046,424,1831,f,361,1831,t
1,0.0000046,423,1831,f,360,1831,t
1,0.0000046,421,1831,f,360,1831,t
1,0.0000046,420,1831,f,361,1831,t
1,0.0000046,420,1831,f,360,1831,t
1,0.0000046,420,1831,f,360,1831,t
1,0.0000046,419,1831,f,360,1831,t
1,0.0000046,416,1831,f,352,1831,t
1,0.0000046,369,1831,f,430,1831,t
1,0.0000046,365,1831,f,429,1831,t
1,0.0000046,365,1831,f,429,1831,t
1,0.0000046,364,1831,f,430,1831,t
1,0.0000046,364,1831,f,427,1831,t
1,0.0000046,364,1831,f,427,1831,t
1,0.0000046,362,1831,f,427,1831,t
1,0.0000046,362,1831,f,427,1831,t
1,0.0000046,360,1831,f,423,1831,t
1,0.0000046,360,1831,f,422,1831,t
1,0.0000046,360,1831,f,421,1831,t
1,0.0000046,360,1831,f,420,1831,t
1,0.0000046,360,1831,f,420,1831,t
1,0.0000046,360,1831,f,419,1831,t
1,0.0000046,360,1831,f,418,1831,t
1,0.0000046,360,1831,f,413,1831,t
1,0.0000046,352,1831,f,422,1831,t
1,0.0000046,352,1831,f,421,1831,t
1,0.0000046,352,1831,f,421,1831,t
1,0.0000046,330,1831,f,282,1831,t
1,0.0000046,308,1831,f,223,1831,t
1,0.0000046,3,1831,f,1,1831,t
1,0.0000046,281,1831,f,361,1831,t
1,0.0000046,269,1831,f,269,1831,t
1,0.0000046,239,1831,f,103,1831,t
1,0.0000046,227,1831,f,156,1831,t
1,0.0000046,223,1831,f,308,1831,t
1,0.0000046,223,1831,f,196,1831,t
1,0.0000046,223,1831,f,195,1831,t
1,0.0000046,222,1831,f,196,1831,t
1,0.0000046,196,1831,f,223,1831,t
1,0.0000046,1771,1831,f,1648,1831,t
1,0.0000046,1759,1831,f,1681,1831,t
1,0.0000046,1716,1831,f,1707,1831,t
1,0.0000046,17,1831,f,1,1831,t
1,0.0000046,17,1831,f,1,1831,t
1,0.0000046,1648,1831,f,1771,1831,t
1,0.0000046,1642,1831,f,709,1831,t
1,0.0000046,1629,1831,f,1441,1831,t
1,0.0000046,1618,1831,f,1699,1831,t
1,0.0000046,1610,1831,f,1527,1831,t
1,0.0000046,160,1831,f,193,1831,t
1,0.0000046,158,1831,f,98,1831,t
1,0.0000046,157,1831,f,98,1831,t
1,0.0000046,157,1831,f,98,1831,t
1,0.0000046,157,1831,f,98,1831,t
1,0.0000046,157,1831,f,102,1831,t
1,0.0000046,157,1830,f,98,1831,t
1,0.0000046,156,1831,f,98,1831,t
1,0.0000046,156,1831,f,98,1831,t
1,0.0000046,156,1831,f,230,1831,t
1,0.0000046,156,1831,f,227,1831,t
1,0.0000046,156,1831,f,102,1831,t
1,0.0000046,156,1831,f,101,1831,t
1,0.0000046,155,1831,f,155,1831,t
1,0.0000046,154,1831,f,155,1831,t
1,0.0000046,1530,1831,f,1536,1831,t
1,0.0000046,1529,1831,f,517,1831,t
1,0.0000046,1519,1831,f,1530,1831,t
1,0.0000046,1425,1831,f,1411,1831,t
1,0.0000046,138,1831,f,101,1831,t
1,0.0000046,1262,1831,f,1245,1831,t
1,0.0000046,1234,1831,f,1247,1831,t
1,0.0000046,1182,1831,f,1184,1831,t
1,0.0000046,1150,1831,f,1618,1831,t
1,0.0000046,108,1831,f,108,1831,t
1,0.0000046,104,1831,f,104,1831,t
1,0.0000046,1002,1831,f,985,1831,t
1,0.0000046,1,1831,f,458,1831,t
1,0.0000046,1,1831,f,17,1831,t
1,0.0000046,360,1831,f,422,1831,t
1,0.0000046,999,1831,f,999,1831,t
1,0.0000046,999,1831,f,931,1831,t
1,0.0000046,990,1831,f,987,1831,t
1,0.0000046,990,1831,f,1064,1831,t
1,0.0000046,99,1831,f,159,1831,t
1,0.0000046,987,1831,f,987,1831,t
1,0.0000046,981,1831,f,1042,1831,t
1,0.0000046,980,1831,f,972,1831,t
1,0.0000046,98,1831,f,156,1831,t
1,0.0000046,975,1831,f,884,1831,t
1,0.0000046,960,1831,f,971,1831,t
1,0.0000046,958,1831,f,965,1831,t
1,0.0000046,958,1831,f,965,1831,t
1,0.0000046,946,1831,f,748,1831,t
1,0.0000046,943,1831,f,1088,1831,t
1,0.0000046,939,1831,f,1009,1831,t
1,0.0000046,932,1831,f,1445,1831,t
1,0.0000046,931,1831,f,999,1831,t
1,0.0000046,931,1831,f,999,1831,t
1,0.0000046,931,1831,f,674,1831,t
1,0.0000046,931,1831,f,1004,1831,t
1,0.0000046,930,1831,f,929,1831,t
1,0.0000046,927,1831,f,891,1831,t
1,0.0000046,925,1831,f,909,1831,t
1,0.0000046,925,1831,f,909,1831,t
1,0.0000046,921,1831,f,879,1831,t
1,0.0000046,921,1831,f,858,1831,t
1,0.0000046,909,1831,f,816,1831,t
1,0.0000046,891,1831,f,918,1831,t
1,0.0000046,886,1831,f,900,1831,t
1,0.0000046,886,1831,f,899,1831,t
1,0.0000046,882,1831,f,882,1831,t
1,0.0000046,882,1831,f,870,1831,t
1,0.0000046,882,1831,f,869,1831,t
1,0.0000046,878,1831,f,929,1831,t
1,0.0000046,878,1831,f,878,1831,t
1,0.0000046,878,1831,f,865,1831,t
1,0.0000046,877,1831,f,869,1831,t
1,0.0000046,873,1831,f,864,1831,t
1,0.0000046,872,1831,f,838,1831,t
1,0.0000046,869,1831,f,877,1831,t
1,0.0000046,868,1831,f,882,1831,t
1,0.0000046,868,1831,f,868,1831,t
1,0.0000046,865,1831,f,885,1831,t
1,0.0000046,865,1831,f,878,1831,t
1,0.0000046,865,1831,f,869,1831,t
1,0.0000046,865,1831,f,865,1831,t
1,0.0000046,865,1831,f,865,1831,t
1,0.0000046,864,1831,f,904,1831,t
1,0.0000046,860,1831,f,873,1831,t
1,0.0000046,860,1831,f,828,1831,t
1,0.0000046,860,1831,f,828,1831,t
1,0.0000046,86,1831,f,76,1831,t
1,0.0000046,855,1831,f,850,1831,t
1,0.0000046,843,1831,f,852,1831,t
1,0.0000046,834,1831,f,829,1831,t
1,0.0000046,833,1831,f,860,1831,t
1,0.0000046,833,1831,f,860,1831,t
1,0.0000046,833,1831,f,828,1831,t
1,0.0000046,828,1831,f,860,1831,t
1,0.0000046,828,1831,f,860,1831,t
1,0.0000046,828,1831,f,858,1831,t
1,0.0000046,828,1831,f,839,1831,t
1,0.0000046,828,1831,f,834,1831,t
1,0.0000046,828,1831,f,810,1831,t
1,0.0000046,828,1831,f,613,1831,t
1,0.0000046,827,1831,f,814,1831,t
1,0.0000046,826,1831,f,814,1831,t
1,0.0000046,821,1831,f,742,1831,t
1,0.0000046,816,1831,f,909,1831,t
1,0.0000046,816,1831,f,909,1831,t
1,0.0000046,816,1831,f,831,1831,t
1,0.0000046,812,1831,f,797,1831,t
1,0.0000046,812,1831,f,796,1831,t
1,0.0000046,806,1831,f,914,1831,t
1,0.0000046,797,1831,f,812,1831,t
1,0.0000046,795,1831,f,812,1831,t
1,0.0000046,791,1831,f,758,1831,t
1,0.0000046,774,1831,f,782,1831,t
1,0.0000046,774,1831,f,774,1831,t
1,0.0000046,774,1831,f,772,1831,t
1,0.0000046,774,1831,f,769,1831,t
1,0.0000046,772,1831,f,774,1831,t
1,0.0000046,771,1831,f,774,1831,t
1,0.0000046,763,1831,f,763,1831,t
1,0.0000046,757,1831,f,773,1831,t
1,0.0000046,746,1831,f,856,1831,t
1,0.0000046,744,1831,f,752,1831,t
1,0.0000046,740,1831,f,730,1831,t
1,0.0000046,729,1831,f,853,1831,t
1,0.0000046,725,1831,f,826,1831,t
1,0.0000046,713,1831,f,708,1831,t
1,0.0000046,709,1831,f,626,1831,t
1,0.0000046,708,1831,f,761,1831,t
1,0.0000046,702,1831,f,686,1831,t
1,0.0000046,701,1831,f,665,1831,t
1,0.0000046,70,1831,f,70,1831,t
1,0.0000046,697,1831,f,627,1831,t
1,0.0000046,692,1831,f,775,1831,t
1,0.0000046,685,1831,f,702,1831,t
1,0.0000046,684,1831,f,913,1831,t
1,0.0000046,684,1831,f,696,1831,t
1,0.0000046,674,1831,f,669,1831,t
1,0.0000046,666,1831,f,805,1831,t
1,0.0000046,665,1831,f,652,1831,t
1,0.0000046,665,1831,f,652,1831,t
1,0.0000046,664,1831,f,595,1831,t
1,0.0000046,662,1831,f,914,1831,t
1,0.0000046,659,1831,f,652,1831,t
1,0.0000046,658,1831,f,674,1831,t
1,0.0000046,658,1831,f,652,1831,t
1,0.0000046,653,1831,f,647,1831,t
1,0.0000046,652,1831,f,715,1831,t
1,0.0000046,652,1831,f,665,1831,t
1,0.0000046,652,1831,f,659,1831,t
1,0.0000046,652,1831,f,652,1831,t
1,0.0000046,652,1831,f,633,1831,t
1,0.0000046,647,1831,f,665,1831,t
1,0.0000046,641,1831,f,620,1831,t
1,0.0000046,640,1831,f,621,1831,t
1,0.0000046,640,1831,f,621,1831,t
1,0.0000046,635,1831,f,554,1831,t
1,0.0000046,632,1831,f,503,1831,t
1,0.0000046,629,1831,f,629,1831,t
1,0.0000046,629,1831,f,563,1831,t
1,0.0000046,628,1831,f,691,1831,t
1,0.0000046,628,1831,f,624,1831,t
1,0.0000046,628,1831,f,620,1831,t
1,0.0000046,624,1831,f,574,1831,t
1,0.0000046,623,1831,f,615,1831,t
1,0.0000046,621,1831,f,640,1831,t
1,0.0000046,620,1831,f,641,1831,t
1,0.0000046,620,1831,f,628,1831,t
1,0.0000046,620,1831,f,628,1831,t
1,0.0000046,618,1831,f,816,1831,t
1,0.0000046,612,1831,f,588,1831,t
1,0.0000046,612,1831,f,588,1831,t
1,0.0000046,611,1831,f,611,1831,t
1,0.0000046,611,1831,f,611,1831,t
1,0.0000046,611,1831,f,588,1831,t
1,0.0000046,611,1831,f,559,1831,t
1,0.0000046,611,1831,f,500,1831,t
1,0.0000046,606,1831,f,586,1831,t
1,0.0000046,605,1831,f,963,1831,t
1,0.0000046,602,1831,f,586,1831,t
1,0.0000046,602,1831,f,585,1831,t
1,0.0000046,601,1831,f,561,1831,t
1,0.0000046,595,1831,f,596,1831,t
1,0.0000046,594,1831,f,568,1831,t
1,0.0000046,593,1831,f,701,1831,t
1,0.0000046,592,1831,f,1049,1831,t
1,0.0000046,591,1831,f,658,1831,t
1,0.0000046,590,1831,f,596,1831,t
1,0.0000046,589,1831,f,623,1831,t
1,0.0000046,588,1831,f,612,1831,t
1,0.0000046,588,1831,f,596,1831,t
1,0.0000046,588,1831,f,580,1831,t
1,0.0000046,586,1831,f,703,1831,t
1,0.0000046,586,1831,f,586,1831,t
1,0.0000046,586,1831,f,585,1831,t
1,0.0000046,586,1831,f,584,1831,t
1,0.0000046,586,1831,f,580,1831,t
1,0.0000046,586,1831,f,553,1831,t
1,0.0000046,585,1831,f,522,1831,t
1,0.0000046,585,1831,f,518,1831,t
1,0.0000046,585,1831,f,440,1831,t
1,0.0000046,581,1831,f,585,1831,t
1,0.0000046,581,1831,f,519,1831,t
1,0.0000046,580,1831,f,585,1831,t
1,0.0000046,575,1831,f,666,1831,t
1,0.0000046,569,1831,f,541,1831,t
1,0.0000046,569,1831,f,541,1831,t
1,0.0000046,568,1831,f,546,1831,t
1,0.0000046,568,1831,f,546,1831,t
1,0.0000046,566,1831,f,569,1831,t
1,0.0000046,566,1831,f,566,1831,t
1,0.0000046,563,1831,f,547,1831,t
1,0.0000046,561,1831,f,561,1831,t
1,0.0000046,559,1831,f,588,1831,t
1,0.0000046,558,1831,f,558,1831,t
1,0.0000046,557,1831,f,554,1831,t
1,0.0000046,555,1831,f,624,1831,t
1,0.0000046,555,1831,f,565,1831,t
1,0.0000046,554,1831,f,554,1831,t
1,0.0000046,554,1831,f,541,1831,t
1,0.0000046,553,1831,f,703,1831,t
1,0.0000046,553,1831,f,588,1831,t
1,0.0000046,553,1831,f,555,1831,t
1,0.0000046,553,1831,f,553,1831,t
1,0.0000046,553,1831,f,552,1831,t
1,0.0000046,552,1831,f,557,1831,t
1,0.0000046,552,1831,f,556,1831,t
1,0.0000046,552,1831,f,552,1831,t
1,0.0000046,552,1831,f,550,1831,t
1,0.0000046,550,1831,f,554,1831,t
1,0.0000046,550,1831,f,552,1831,t
1,0.0000046,549,1831,f,552,1831,t
1,0.0000046,547,1831,f,563,1831,t
1,0.0000046,547,1831,f,553,1831,t
1,0.0000046,547,1831,f,539,1831,t
1,0.0000046,547,1831,f,515,1831,t
1,0.0000046,546,1831,f,593,1831,t
1,0.0000046,545,1831,f,830,1831,t
1,0.0000046,541,1831,f,568,1831,t
1,0.0000046,541,1831,f,566,1831,t
1,0.0000046,541,1831,f,552,1831,t
1,0.0000046,541,1831,f,541,1831,t
1,0.0000046,539,1831,f,539,1831,t
1,0.0000046,529,1831,f,503,1831,t
1,0.0000046,523,1831,f,503,1831,t
1,0.0000046,523,1831,f,497,1831,t
1,0.0000046,521,1831,f,503,1831,t
1,0.0000046,52,1831,f,54,1831,t
1,0.0000046,517,1831,f,638,1831,t
1,0.0000046,514,1831,f,514,1831,t
1,0.0000046,514,1831,f,514,1831,t
1,0.0000046,502,1831,f,525,1831,t
1,0.0000046,5,1831,f,6,1831,t
1,0.0000046,5,1831,f,6,1831,t
1,0.0000046,5,1831,f,6,1831,t
1,0.0000046,5,1831,f,5,1831,t
1,0.0000046,498,1831,f,520,1831,t
1,0.0000046,483,1831,f,523,1831,t
1,0.0000046,479,1831,f,480,1831,t
1,0.0000046,477,1831,f,443,1831,t
1,0.0000046,477,1831,f,443,1831,t
1,0.0000046,477,1831,f,443,1831,t
1,0.0000046,476,1831,f,525,1831,t
1,0.0000046,476,1831,f,525,1831,t
1,0.0000046,473,1831,f,474,1831,t
1,0.0000046,472,1831,f,348,1831,t
1,0.0000046,469,1831,f,1016,1831,t
1,0.0000046,467,1831,f,439,1831,t
1,0.0000046,467,1831,f,439,1831,t
1,0.0000046,466,1831,f,348,1831,t
1,0.0000046,463,1831,f,441,1831,t
1,0.0000046,462,1831,f,445,1831,t
1,0.0000046,462,1831,f,445,1831,t
1,0.0000046,457,1831,f,393,1831,t
1,0.0000046,455,1831,f,440,1831,t
1,0.0000046,455,1831,f,440,1831,t
1,0.0000046,455,1831,f,352,1831,t
1,0.0000046,453,1831,f,443,1831,t
1,0.0000046,450,1831,f,264,1831,t
1,0.0000046,449,1831,f,423,1831,t
1,0.0000046,448,1831,f,71,1831,t
1,0.0000046,448,1831,f,264,1831,t
1,0.0000046,447,1831,f,457,1831,t
1,0.0000046,447,1831,f,447,1831,t
1,0.0000046,447,1831,f,443,1831,t
1,0.0000046,447,1831,f,421,1831,t
1,0.0000046,446,1831,f,446,1831,t
1,0.0000046,445,1831,f,455,1831,t
1,0.0000046,445,1831,f,455,1831,t
1,0.0000046,445,1831,f,454,1831,t
1,0.0000046,444,1831,f,457,1831,t
1,0.0000046,443,1831,f,466,1831,t
1,0.0000046,443,1831,f,455,1831,t
1,0.0000046,443,1831,f,442,1831,t
1,0.0000046,443,1831,f,442,1831,t
1,0.0000046,443,1831,f,439,1831,t
1,0.0000046,442,1831,f,441,1831,t
1,0.0000046,441,1831,f,521,1831,t
1,0.0000046,441,1831,f,521,1828,t
1,0.0000046,441,1831,f,482,1831,t
1,0.0000046,441,1831,f,453,1831,t
1,0.0000046,441,1831,f,447,1831,t
1,0.0000046,441,1831,f,441,1831,t
1,0.0000046,441,1831,f,441,1830,t
1,0.0000046,440,1831,f,440,1831,t
1,0.0000046,439,1831,f,522,1831,t
1,0.0000046,436,1831,f,385,1831,t
1,0.0000046,433,1831,f,369,1831,t
1,0.0000046,430,1831,f,370,1831,t
1,0.0000046,429,1831,f,369,1831,t
1,0.0000046,429,1831,f,365,1831,t
1,0.0000046,428,1831,f,381,1831,t
1,0.0000046,427,1831,f,364,1831,t
1,0.0000046,427,1831,f,362,1831,t
1,0.0000046,427,1831,f,361,1831,t
1,0.0000046,427,1831,f,333,1831,t
1,0.0000046,424,1831,f,361,1831,t
1,0.0000046,424,1831,f,360,1831,t
1,0.0000046,424,1831,f,360,1831,t
1,0.0000046,421,1831,f,352,1831,t
1,0.0000046,420,1831,f,555,1831,t
1,0.0000046,420,1831,f,352,1831,t
1,0.0000046,420,1829,f,360,1831,t
1,0.0000046,42,1831,f,37,1831,t
1,0.0000046,414,1831,f,514,1831,t
1,0.0000046,405,1831,f,332,1831,t
1,0.0000046,4,1831,f,5,1831,t
1,0.0000046,394,1831,f,361,1831,t
1,0.0000046,393,1831,f,404,1831,t
1,0.0000046,377,1831,f,958,1831,t
1,0.0000046,374,1831,f,832,1831,t
1,0.0000046,370,1831,f,437,1831,t
1,0.0000046,369,1831,f,433,1831,t
1,0.0000046,369,1831,f,433,1831,t
1,0.0000046,369,1831,f,431,1831,t
1,0.0000046,367,1831,f,431,1831,t
1,0.0000046,366,1831,f,430,1831,t
1,0.0000046,366,1831,f,430,1831,t
1,0.0000046,360,1831,f,428,1831,t
1,0.0000046,360,1831,f,424,1831,t
1,0.0000046,360,1831,f,423,1831,t
1,0.0000046,360,1831,f,421,1831,t
1,0.0000046,360,1831,f,420,1829,t
1,0.0000046,360,1831,f,419,1831,t
1,0.0000046,360,1831,f,415,1831,t
1,0.0000046,360,1831,f,413,1831,t
1,0.0000046,360,1831,f,405,1831,t
1,0.0000046,36,1831,f,50,1831,t
1,0.0000046,352,1831,f,421,1831,t
1,0.0000046,352,1831,f,420,1831,t
1,0.0000046,352,1831,f,416,1831,t
1,0.0000046,349,1831,f,282,1831,t
1,0.0000046,337,1831,f,360,1831,t
1,0.0000046,329,1831,f,366,1831,t
1,0.0000046,320,1831,f,256,1831,t
1,0.0000046,315,1831,f,859,1831,t
1,0.0000046,314,1831,f,479,1831,t
1,0.0000046,314,1831,f,283,1831,t
1,0.0000046,308,1831,f,223,1831,t
1,0.0000046,297,1831,f,256,1831,t
1,0.0000046,282,1831,f,284,1831,t
1,0.0000046,28,1831,f,28,1831,t
1,0.0000046,28,1831,f,17,1828,t
1,0.0000046,271,1831,f,268,1831,t
1,0.0000046,267,1831,f,262,1831,t
1,0.0000046,264,1831,f,448,1831,t
1,0.0000046,262,1831,f,448,1831,t
1,0.0000046,254,1831,f,264,1831,t
1,0.0000046,241,1831,f,245,1831,t
1,0.0000046,241,1831,f,241,1831,t
1,0.0000046,240,1831,f,222,1831,t
1,0.0000046,239,1831,f,103,1831,t
1,0.0000046,239,1831,f,103,1831,t
1,0.0000046,238,1831,f,212,1831,t
1,0.0000046,230,1831,f,156,1831,t
1,0.0000046,227,1831,f,156,1831,t
1,0.0000046,223,1831,f,308,1831,t
1,0.0000046,223,1831,f,308,1831,t
1,0.0000046,222,1831,f,221,1831,t
1,0.0000046,205,1831,f,205,1831,t
1,0.0000046,203,1831,f,192,1831,t
1,0.0000046,194,1831,f,223,1831,t
1,0.0000046,189,1831,f,186,1831,t
1,0.0000046,189,1831,f,186,1831,t
1,0.0000046,188,1831,f,189,1831,t
1,0.0000046,1811,1831,f,1811,1831,t
1,0.0000046,1771,1831,f,1690,1831,t
1,0.0000046,1771,1831,f,1648,1831,t
1,0.0000046,1761,1831,f,1644,1831,t
1,0.0000046,1757,1831,f,996,1831,t
1,0.0000046,1735,1831,f,1774,1831,t
1,0.0000046,1723,1831,f,1120,1831,t
1,0.0000046,17,1831,f,17,1831,t
1,0.0000046,17,1831,f,1,1831,t
1,0.0000046,17,1831,f,1,1831,t
1,0.0000046,1696,1831,f,1696,1831,t
1,0.0000046,1681,1831,f,1667,1831,t
1,0.0000046,1673,1831,f,1658,1831,t
1,0.0000046,1673,1831,f,1658,1831,t
1,0.0000046,167,1831,f,129,1831,t
1,0.0000046,1659,1831,f,1673,1831,t
1,0.0000046,1652,1831,f,1782,1831,t
1,0.0000046,1648,1831,f,1771,1831,t
1,0.0000046,1644,1831,f,1753,1831,t
1,0.0000046,164,1831,f,305,1831,t
1,0.0000046,1626,1831,f,1678,1831,t
1,0.0000046,1607,1831,f,886,1831,t
1,0.0000046,1597,1831,f,1597,1831,t
1,0.0000046,1584,1831,f,1571,1831,t
1,0.0000046,1570,1831,f,1557,1831,t
1,0.0000046,157,1831,f,98,1831,t
1,0.0000046,157,1831,f,98,1831,t
1,0.0000046,157,1831,f,98,1831,t
1,0.0000046,157,1831,f,98,1831,t
1,0.0000046,157,1831,f,96,1831,t
1,0.0000046,157,1831,f,94,1831,t
1,0.0000046,157,1831,f,134,1831,t
1,0.0000046,157,1831,f,129,1831,t
1,0.0000046,156,1831,f,98,1831,t
1,0.0000046,156,1831,f,96,1831,t
1,0.0000046,156,1831,f,96,1831,t
1,0.0000046,156,1831,f,94,1831,t
1,0.0000046,156,1831,f,236,1831,t
1,0.0000046,1551,1831,f,1540,1831,t
1,0.0000046,155,1831,f,154,1831,t
1,0.0000046,155,1831,f,153,1831,t
1,0.0000046,154,1831,f,155,1831,t
1,0.0000046,154,1831,f,155,1831,t
1,0.0000046,1530,1831,f,1519,1831,t
1,0.0000046,153,1831,f,98,1831,t
1,0.0000046,153,1831,f,102,1831,t
1,0.0000046,1519,1831,f,1530,1831,t
1,0.0000046,1467,1831,f,1459,1831,t
1,0.0000046,1443,1831,f,1730,1831,t
1,0.0000046,144,1831,f,98,1831,t
1,0.0000046,1421,1831,f,1415,1831,t
1,0.0000046,138,1831,f,235,1831,t
1,0.0000046,138,1831,f,138,1831,t
1,0.0000046,1373,1831,f,1403,1831,t
1,0.0000046,1365,1831,f,1356,1831,t
1,0.0000046,1364,1831,f,1342,1831,t
1,0.0000046,1340,1831,f,1185,1831,t
1,0.0000046,1317,1831,f,1300,1831,t
1,0.0000046,1315,1831,f,666,1831,t
1,0.0000046,1262,1831,f,1056,1831,t
1,0.0000046,1261,1831,f,1303,1831,t
1,0.0000046,1253,1831,f,1245,1831,t
1,0.0000046,1247,1831,f,1234,1831,t
1,0.0000046,1239,1831,f,1329,1831,t
1,0.0000046,1234,1831,f,1247,1831,t
1,0.0000046,123,1831,f,131,1831,t
1,0.0000046,1208,1831,f,1205,1831,t
1,0.0000046,1197,1831,f,1190,1831,t
1,0.0000046,1164,1831,f,1164,1831,t
1,0.0000046,1143,1831,f,1116,1831,t
1,0.0000046,1112,1831,f,1124,1831,t
1,0.0000046,1106,1831,f,1111,1831,t
1,0.0000046,1093,1831,f,1146,1831,t
1,0.0000046,1093,1831,f,1084,1831,t
1,0.0000046,1091,1831,f,1084,1831,t
1,0.0000046,1086,1831,f,1080,1831,t
1,0.0000046,1086,1831,f,1070,1831,t
1,0.0000046,1084,1831,f,1093,1831,t
1,0.0000046,1073,1831,f,1041,1831,t
1,0.0000046,1070,1831,f,1086,1831,t
1,0.0000046,1065,1831,f,884,1831,t
1,0.0000046,1048,1831,f,869,1831,t
1,0.0000046,1047,1831,f,1073,1831,t
1,0.0000046,1042,1831,f,981,1831,t
1,0.0000046,1041,1831,f,1073,1831,t
1,0.0000046,1041,1831,f,1073,1831,t
1,0.0000046,1029,1831,f,923,1831,t
1,0.0000046,1026,1831,f,917,1831,t
1,0.0000046,102,1831,f,157,1831,t
1,0.0000046,101,1831,f,160,1831,t
1,0.0000046,101,1831,f,157,1831,t
1,0.0000046,1007,1831,f,933,1831,t
1,0.0000046,1002,1831,f,1002,1831,t
1,0.0000046,1,1831,f,17,1831,t
1,0.0000046,1,1831,f,17,1831,t
1,0.0000046,1,1831,f,1,1831,t
1,0.0000046,602,1831,f,584,1831,t
1,0.0000046,98,1831,f,157,1831,t
1,0.0000046,640,1831,f,621,1831,t
1,0.0000046,5,1831,f,5,1831,t
1,0.0000046,420,1831,f,360,1831,t
1,0.0000046,420,1831,f,352,1831,t
1,0.0000046,352,1831,f,421,1831,t
1,0.0000046,802,1831,f,812,1831,t
1,0.0000046,360,1831,f,420,1831,t
1,0.0000046,186,1831,f,189,1831,t
1,0.0000046,5,1831,f,5,1831,t
1,0.0000046,665,1831,f,652,1831,t
1,0.0000046,563,1831,f,598,1831,t
1,0.0000046,499,1831,f,495,1831,t
1,0.0000046,157,1831,f,98,1831,t
1,0.0000046,196,1831,f,223,1831,t
1,0.0000046,1704,1831,f,259,1831,t
1,0.0000046,427,1831,f,361,1831,t
1,0.0000046,655,1831,f,724,1831,t
1,0.0000046,664,1831,f,652,1831,t
1,0.0000046,441,1831,f,441,1831,t
1,0.0000046,999,1831,f,931,1831,t
1,0.0000046,998,1831,f,998,1831,t
1,0.0000046,992,1831,f,1040,1831,t
1,0.0000046,990,1831,f,987,1831,t
1,0.0000046,99,1831,f,154,1831,t
1,0.0000046,982,1831,f,1014,1831,t
1,0.0000046,971,1831,f,981,1831,t
1,0.0000046,963,1831,f,957,1831,t
1,0.0000046,96,1831,f,157,1831,t
1,0.0000046,958,1831,f,997,1831,t
1,0.0000046,936,1831,f,1005,1831,t
1,0.0000046,935,1831,f,1011,1831,t
1,0.0000046,929,1831,f,936,1831,t
1,0.0000046,925,1831,f,913,1831,t
1,0.0000046,925,1831,f,909,1831,t
1,0.0000046,925,1831,f,909,1831,t
1,0.0000046,924,1831,f,1000,1831,t
1,0.0000046,923,1831,f,911,1831,t
1,0.0000046,921,1831,f,931,1831,t
1,0.0000046,92,1831,f,85,1831,t
1,0.0000046,918,1831,f,891,1831,t
1,0.0000046,917,1831,f,1026,1831,t
1,0.0000046,909,1831,f,816,1831,t
1,0.0000046,893,1831,f,817,1831,t
1,0.0000046,891,1831,f,911,1831,t
1,0.0000046,891,1831,f,1711,1831,t
1,0.0000046,887,1831,f,933,1831,t
1,0.0000046,878,1831,f,878,1831,t
1,0.0000046,878,1831,f,878,1831,t
1,0.0000046,878,1831,f,865,1831,t
1,0.0000046,877,1831,f,869,1831,t
1,0.0000046,877,1831,f,869,1831,t
1,0.0000046,872,1831,f,834,1831,t
1,0.0000046,865,1831,f,878,1831,t
1,0.0000046,865,1831,f,869,1831,t
1,0.0000046,865,1831,f,868,1831,t
1,0.0000046,865,1831,f,868,1831,t
1,0.0000046,865,1831,f,865,1831,t
1,0.0000046,865,1831,f,865,1828,t
1,0.0000046,862,1831,f,864,1831,t
1,0.0000046,860,1831,f,833,1831,t
1,0.0000046,860,1831,f,833,1831,t
1,0.0000046,860,1831,f,828,1831,t
1,0.0000046,855,1831,f,828,1831,t
1,0.0000046,853,1831,f,729,1831,t
1,0.0000046,839,1831,f,828,1831,t
1,0.0000046,836,1831,f,860,1831,t
1,0.0000046,834,1831,f,833,1831,t
1,0.0000046,834,1831,f,832,1831,t
1,0.0000046,834,1831,f,828,1831,t
1,0.0000046,833,1831,f,862,1831,t
1,0.0000046,833,1831,f,860,1831,t
1,0.0000046,833,1831,f,833,1831,t
1,0.0000046,833,1831,f,829,1831,t
1,0.0000046,833,1831,f,829,1831,t
1,0.0000046,830,1831,f,850,1831,t
1,0.0000046,830,1831,f,850,1831,t
1,0.0000046,830,1831,f,834,1831,t
1,0.0000046,83,1831,f,157,1831,t
1,0.0000046,828,1831,f,860,1831,t
1,0.0000046,828,1831,f,860,1831,t
1,0.0000046,828,1831,f,839,1831,t
1,0.0000046,828,1831,f,834,1831,t
1,0.0000046,828,1831,f,834,1831,t
1,0.0000046,828,1831,f,810,1831,t
1,0.0000046,828,1831,f,1005,1831,t
1,0.0000046,817,1831,f,833,1831,t
1,0.0000046,814,1831,f,827,1831,t
1,0.0000046,814,1831,f,827,1831,t
1,0.0000046,814,1831,f,814,1831,t
1,0.0000046,812,1831,f,849,1831,t
1,0.0000046,812,1831,f,797,1831,t
1,0.0000046,812,1831,f,796,1831,t
1,0.0000046,810,1831,f,873,1831,t
1,0.0000046,810,1831,f,828,1831,t
1,0.0000046,799,1831,f,933,1831,t
1,0.0000046,798,1831,f,812,1831,t
1,0.0000046,796,1831,f,812,1831,t
1,0.0000046,796,1831,f,812,1831,t
1,0.0000046,796,1831,f,812,1831,t
1,0.0000046,786,1831,f,788,1831,t
1,0.0000046,778,1831,f,651,1831,t
1,0.0000046,774,1831,f,774,1831,t
1,0.0000046,774,1831,f,774,1831,t
1,0.0000046,774,1831,f,772,1831,t
1,0.0000046,774,1831,f,694,1831,t
1,0.0000046,763,1831,f,751,1831,t
1,0.0000046,757,1831,f,774,1831,t
1,0.0000046,751,1831,f,731,1831,t
1,0.0000046,744,1831,f,1240,1831,t
1,0.0000046,740,1831,f,729,1831,t
1,0.0000046,736,1831,f,736,1831,t
1,0.0000046,733,1831,f,725,1831,t
1,0.0000046,72,1831,f,110,1831,t
1,0.0000046,717,1831,f,717,1831,t
1,0.0000046,716,1831,f,733,1831,t
1,0.0000046,712,1831,f,833,1831,t
1,0.0000046,708,1831,f,716,1831,t
1,0.0000046,701,1831,f,686,1831,t
1,0.0000046,696,1831,f,698,1831,t
1,0.0000046,686,1831,f,702,1831,t
1,0.0000046,671,1831,f,648,1831,t
1,0.0000046,667,1831,f,552,1831,t
1,0.0000046,665,1831,f,713,1831,t
1,0.0000046,665,1831,f,652,1831,t
1,0.0000046,664,1831,f,652,1831,t
1,0.0000046,663,1831,f,671,1831,t
1,0.0000046,658,1831,f,661,1831,t
1,0.0000046,657,1831,f,689,1831,t
1,0.0000046,657,1831,f,657,1831,t
1,0.0000046,657,1831,f,657,1831,t
1,0.0000046,657,1831,f,657,1831,t
1,0.0000046,657,1831,f,648,1831,t
1,0.0000046,656,1831,f,510,1831,t
1,0.0000046,654,1831,f,703,1831,t
1,0.0000046,652,1831,f,665,1831,t
1,0.0000046,652,1831,f,644,1831,t
1,0.0000046,649,1831,f,654,1831,t
1,0.0000046,648,1831,f,674,1831,t
1,0.0000046,648,1831,f,671,1831,t
1,0.0000046,647,1831,f,638,1831,t
1,0.0000046,645,1831,f,528,1831,t
1,0.0000046,643,1831,f,620,1831,t
1,0.0000046,642,1831,f,671,1831,t
1,0.0000046,641,1831,f,623,1831,t
1,0.0000046,641,1831,f,620,1831,t
1,0.0000046,641,1831,f,620,1831,t
1,0.0000046,641,1831,f,620,1831,t
1,0.0000046,635,1831,f,491,1831,t
1,0.0000046,628,1831,f,620,1831,t
1,0.0000046,624,1831,f,635,1831,t
1,0.0000046,623,1831,f,615,1831,t
1,0.0000046,623,1831,f,614,1831,t
1,0.0000046,620,1831,f,637,1831,t
1,0.0000046,620,1831,f,628,1831,t
1,0.0000046,620,1831,f,624,1831,t
1,0.0000046,615,1831,f,638,1831,t
1,0.0000046,615,1831,f,596,1831,t
1,0.0000046,613,1831,f,828,1831,t
1,0.0000046,612,1831,f,588,1831,t
1,0.0000046,612,1831,f,588,1831,t
1,0.0000046,611,1831,f,611,1831,t
1,0.0000046,611,1831,f,611,1831,t
1,0.0000046,611,1831,f,551,1831,t
1,0.0000046,605,1831,f,963,1831,t
1,0.0000046,602,1831,f,586,1831,t
1,0.0000046,602,1831,f,586,1831,t
1,0.0000046,602,1831,f,584,1831,t
1,0.0000046,6,1831,f,5,1831,t
1,0.0000046,596,1831,f,615,1831,t
1,0.0000046,596,1831,f,615,1831,t
1,0.0000046,596,1831,f,593,1831,t
1,0.0000046,595,1831,f,612,1831,t
1,0.0000046,591,1831,f,509,1831,t
1,0.0000046,590,1831,f,595,1831,t
1,0.0000046,589,1831,f,562,1831,t
1,0.0000046,588,1831,f,612,1831,t
1,0.0000046,588,1831,f,580,1831,t
1,0.0000046,586,1831,f,602,1831,t
1,0.0000046,586,1831,f,602,1829,t
1,0.0000046,586,1831,f,586,1831,t
1,0.0000046,586,1831,f,585,1831,t
1,0.0000046,586,1831,f,580,1831,t
1,0.0000046,585,1831,f,602,1831,t
1,0.0000046,585,1831,f,595,1831,t
1,0.0000046,584,1831,f,584,1831,t
1,0.0000046,583,1831,f,583,1831,t
1,0.0000046,582,1831,f,519,1831,t
1,0.0000046,581,1831,f,519,1831,t
1,0.0000046,580,1831,f,588,1831,t
1,0.0000046,580,1831,f,586,1831,t
1,0.0000046,569,1831,f,569,1831,t
1,0.0000046,569,1831,f,569,1831,t
1,0.0000046,569,1831,f,541,1831,t
1,0.0000046,569,1831,f,541,1831,t
1,0.0000046,566,1831,f,624,1831,t
1,0.0000046,566,1831,f,569,1831,t
1,0.0000046,566,1831,f,566,1831,t
1,0.0000046,563,1831,f,557,1831,t
1,0.0000046,559,1831,f,552,1831,t
1,0.0000046,559,1831,f,519,1831,t
1,0.0000046,557,1831,f,555,1831,t
1,0.0000046,557,1831,f,1514,1831,t
1,0.0000046,556,1831,f,589,1831,t
1,0.0000046,556,1831,f,519,1831,t
1,0.0000046,555,1831,f,557,1831,t
1,0.0000046,555,1831,f,553,1831,t
1,0.0000046,554,1831,f,633,1831,t
1,0.0000046,554,1831,f,554,1831,t
1,0.0000046,554,1831,f,540,1831,t
1,0.0000046,553,1831,f,611,1831,t
1,0.0000046,553,1831,f,585,1831,t
1,0.0000046,553,1831,f,557,1831,t
1,0.0000046,552,1831,f,552,1831,t
1,0.0000046,552,1831,f,540,1831,t
1,0.0000046,552,1829,f,554,1831,t
1,0.0000046,551,1831,f,611,1831,t
1,0.0000046,550,1831,f,555,1831,t
1,0.0000046,546,1831,f,568,1831,t
1,0.0000046,541,1831,f,569,1831,t
1,0.0000046,541,1831,f,552,1831,t
1,0.0000046,529,1831,f,497,1831,t
1,0.0000046,528,1831,f,471,1831,t
1,0.0000046,525,1831,f,481,1831,t
1,0.0000046,523,1831,f,497,1831,t
1,0.0000046,523,1831,f,473,1831,t
1,0.0000046,521,1831,f,441,1831,t
1,0.0000046,520,1831,f,520,1831,t
1,0.0000046,519,1831,f,578,1831,t
1,0.0000046,517,1831,f,514,1831,t
1,0.0000046,515,1831,f,512,1831,t
1,0.0000046,514,1831,f,517,1831,t
1,0.0000046,514,1831,f,514,1831,t
1,0.0000046,514,1831,f,513,1831,t
1,0.0000046,510,1831,f,510,1831,t
1,0.0000046,504,1831,f,797,1831,t
1,0.0000046,500,1831,f,522,1831,t
1,0.0000046,500,1831,f,500,1831,t
1,0.0000046,5,1831,f,7,1831,t
1,0.0000046,5,1831,f,6,1831,t
1,0.0000046,5,1831,f,5,1831,t
1,0.0000046,5,1831,f,5,1831,t
1,0.0000046,5,1831,f,1,1831,t
1,0.0000046,498,1831,f,522,1831,t
1,0.0000046,498,1831,f,520,1831,t
1,0.0000046,497,1831,f,522,1831,t
1,0.0000046,490,1831,f,525,1831,t
1,0.0000046,479,1831,f,504,1831,t
1,0.0000046,479,1831,f,447,1831,t
1,0.0000046,477,1831,f,504,1831,t
1,0.0000046,477,1831,f,443,1831,t
1,0.0000046,476,1831,f,525,1831,t
1,0.0000046,476,1831,f,522,1831,t
1,0.0000046,474,1831,f,474,1831,t
1,0.0000046,472,1831,f,440,1831,t
1,0.0000046,466,1831,f,72,1831,t
1,0.0000046,463,1831,f,441,1831,t
1,0.0000046,463,1831,f,441,1831,t
1,0.0000046,462,1831,f,462,1831,t
1,0.0000046,462,1831,f,445,1831,t
1,0.0000046,457,1831,f,447,1831,t
1,0.0000046,457,1831,f,445,1831,t
1,0.0000046,456,1831,f,403,1831,t
1,0.0000046,455,1831,f,444,1831,t
1,0.0000046,452,1831,f,352,1831,t
1,0.0000046,449,1831,f,454,1831,t
1,0.0000046,448,1831,f,262,1831,t
1,0.0000046,447,1831,f,457,1831,t
1,0.0000046,446,1831,f,446,1831,t
1,0.0000046,445,1831,f,456,1831,t
1,0.0000046,445,1831,f,455,1831,t
1,0.0000046,443,1831,f,460,1831,t
1,0.0000046,443,1831,f,460,1831,t
1,0.0000046,443,1831,f,445,1831,t
1,0.0000046,443,1831,f,443,1831,t
1,0.0000046,443,1831,f,442,1831,t
1,0.0000046,441,1831,f,441,1831,t
1,0.0000046,441,1831,f,1165,1831,t
1,0.0000046,439,1831,f,467,1831,t
1,0.0000046,438,1831,f,522,1831,t
1,0.0000046,430,1831,f,366,1831,t
1,0.0000046,429,1831,f,365,1831,t
1,0.0000046,428,1831,f,364,1831,t
1,0.0000046,427,1831,f,362,1831,t
1,0.0000046,425,1831,f,363,1831,t
1,0.0000046,424,1831,f,360,1831,t
1,0.0000046,422,1831,f,354,1831,t
1,0.0000046,421,1831,f,361,1831,t
1,0.0000046,421,1831,f,360,1831,t
1,0.0000046,420,1831,f,360,1831,t
1,0.0000046,420,1831,f,358,1831,t
1,0.0000046,420,1831,f,358,1831,t
1,0.0000046,420,1831,f,352,1831,t
1,0.0000046,419,1831,f,360,1831,t
1,0.0000046,419,1831,f,360,1831,t
1,0.0000046,416,1831,f,352,1831,t
1,0.0000046,4,1831,f,5,1831,t
1,0.0000046,384,1831,f,372,1831,t
1,0.0000046,379,1831,f,387,1831,t
1,0.0000046,370,1831,f,433,1831,t
1,0.0000046,369,1831,f,432,1831,t
1,0.0000046,366,1831,f,429,1831,t
1,0.0000046,366,1831,f,429,1831,t
1,0.0000046,365,1831,f,429,1831,t
1,0.0000046,364,1831,f,1755,1831,t
1,0.0000046,363,1831,f,427,1831,t
1,0.0000046,363,1831,f,427,1831,t
1,0.0000046,363,1831,f,420,1831,t
1,0.0000046,361,1831,f,413,1831,t
1,0.0000046,360,1831,f,428,1831,t
1,0.0000046,360,1831,f,420,1831,t
1,0.0000046,360,1831,f,420,1831,t
1,0.0000046,360,1831,f,419,1831,t
1,0.0000046,360,1831,f,419,1831,t
1,0.0000046,360,1831,f,414,1831,t
1,0.0000046,36,1831,f,50,1831,t
1,0.0000046,358,1831,f,420,1831,t
1,0.0000046,35,1831,f,33,1831,t
1,0.0000046,344,1831,f,356,1831,t
1,0.0000046,33,1831,f,23,1831,t
1,0.0000046,324,1831,f,339,1831,t
1,0.0000046,322,1831,f,329,1831,t
1,0.0000046,312,1831,f,320,1831,t
1,0.0000046,310,1831,f,1216,1831,t
1,0.0000046,308,1831,f,223,1831,t
1,0.0000046,305,1831,f,299,1831,t
1,0.0000046,300,1831,f,482,1831,t
1,0.0000046,299,1831,f,344,1831,t
1,0.0000046,298,1831,f,364,1831,t
1,0.0000046,298,1831,f,306,1831,t
1,0.0000046,271,1831,f,271,1831,t
1,0.0000046,255,1831,f,1059,1831,t
1,0.0000046,245,1831,f,245,1831,t
1,0.0000046,245,1831,f,241,1831,t
1,0.0000046,245,1831,f,178,1831,t
1,0.0000046,241,1831,f,245,1831,t
1,0.0000046,241,1831,f,245,1831,t
1,0.0000046,241,1831,f,245,1831,t
1,0.0000046,240,1831,f,240,1831,t
1,0.0000046,239,1831,f,103,1831,t
1,0.0000046,236,1831,f,156,1831,t
1,0.0000046,223,1831,f,308,1831,t
1,0.0000046,222,1831,f,240,1831,t
1,0.0000046,222,1831,f,196,1831,t
1,0.0000046,219,1831,f,213,1831,t
1,0.0000046,217,1831,f,196,1831,t
1,0.0000046,210,1831,f,195,1831,t
1,0.0000046,205,1831,f,214,1831,t
1,0.0000046,204,1831,f,241,1831,t
1,0.0000046,202,1831,f,214,1831,t
1,0.0000046,2,1831,f,2,1831,t
1,0.0000046,196,1831,f,223,1831,t
1,0.0000046,183,1831,f,174,1831,t
1,0.0000046,1789,1831,f,1799,1831,t
1,0.0000046,1771,1831,f,1648,1831,t
1,0.0000046,175,1831,f,169,1831,t
1,0.0000046,1747,1831,f,1797,1831,t
1,0.0000046,1734,1831,f,1586,1831,t
1,0.0000046,1716,1831,f,1799,1831,t
1,0.0000046,1696,1831,f,1696,1831,t
1,0.0000046,1678,1831,f,1664,1831,t
1,0.0000046,1673,1831,f,1658,1831,t
1,0.0000046,1673,1831,f,1658,1831,t
1,0.0000046,1673,1831,f,1656,1831,t
1,0.0000046,167,1831,f,165,1831,t
1,0.0000046,1659,1831,f,1673,1831,t
1,0.0000046,1658,1831,f,1673,1831,t
1,0.0000046,1658,1831,f,1673,1831,t
1,0.0000046,1658,1831,f,1659,1831,t
1,0.0000046,1655,1831,f,1512,1831,t
1,0.0000046,1654,1831,f,1503,1831,t
1,0.0000046,1596,1831,f,1815,1831,t
1,0.0000046,158,1831,f,98,1831,t
1,0.0000046,157,1831,f,138,1831,t
1,0.0000046,157,1831,f,138,1831,t
1,0.0000046,156,1831,f,98,1831,t
1,0.0000046,156,1831,f,60,1831,t
1,0.0000046,155,1831,f,248,1831,t
1,0.0000046,155,1831,f,155,1831,t
1,0.0000046,155,1831,f,155,1831,t
1,0.0000046,155,1831,f,154,1831,t
1,0.0000046,155,1828,f,154,1831,t
1,0.0000046,154,1831,f,155,1831,t
1,0.0000046,154,1828,f,155,1831,t
1,0.0000046,1530,1831,f,1519,1831,t
1,0.0000046,1529,1831,f,1542,1831,t
1,0.0000046,1519,1831,f,1530,1831,t
1,0.0000046,1514,1831,f,552,1831,t
1,0.0000046,1510,1831,f,1510,1831,t
1,0.0000046,1497,1831,f,1519,1831,t
1,0.0000046,1485,1831,f,1476,1831,t
1,0.0000046,1440,1831,f,1212,1831,t
1,0.0000046,1438,1831,f,1291,1831,t
1,0.0000046,1416,1831,f,995,1831,t
1,0.0000046,1404,1831,f,1514,1831,t
1,0.0000046,138,1831,f,138,1831,t
1,0.0000046,1371,1831,f,1359,1831,t
1,0.0000046,1368,1831,f,1370,1831,t
1,0.0000046,1365,1831,f,1370,1831,t
1,0.0000046,1361,1831,f,1483,1831,t
1,0.0000046,1360,1831,f,1422,1831,t
1,0.0000046,1356,1831,f,1356,1831,t
1,0.0000046,1351,1831,f,1370,1831,t
1,0.0000046,1329,1831,f,1329,1831,t
1,0.0000046,1317,1831,f,1317,1831,t
1,0.0000046,1317,1831,f,1300,1831,t
1,0.0000046,1278,1831,f,1260,1831,t
1,0.0000046,1264,1831,f,1162,1831,t
1,0.0000046,1235,1831,f,1247,1831,t
1,0.0000046,1235,1831,f,1247,1831,t
1,0.0000046,1234,1831,f,1247,1831,t
1,0.0000046,1205,1831,f,1193,1831,t
1,0.0000046,1202,1831,f,1196,1831,t
1,0.0000046,1184,1831,f,1182,1831,t
1,0.0000046,1182,1831,f,1184,1831,t
1,0.0000046,1168,1831,f,1149,1831,t
1,0.0000046,1116,1831,f,1118,1831,t
1,0.0000046,1111,1831,f,1011,1831,t
1,0.0000046,1110,1831,f,1110,1831,t
1,0.0000046,1093,1831,f,1084,1831,t
1,0.0000046,1092,1831,f,1084,1831,t
1,0.0000046,1089,1831,f,1008,1831,t
1,0.0000046,1086,1831,f,1070,1831,t
1,0.0000046,1084,1831,f,1093,1831,t
1,0.0000046,1073,1831,f,1041,1831,t
1,0.0000046,1060,1831,f,1008,1831,t
1,0.0000046,106,1831,f,108,1831,t
1,0.0000046,1052,1831,f,963,1831,t
1,0.0000046,1047,1831,f,1079,1831,t
1,0.0000046,1047,1831,f,1057,1831,t
1,0.0000046,1042,1831,f,446,1831,t
1,0.0000046,1041,1831,f,1073,1831,t
1,0.0000046,104,1831,f,104,1831,t
1,0.0000046,1037,1831,f,1037,1831,t
1,0.0000046,1026,1831,f,917,1831,t
1,0.0000046,1024,1831,f,1047,1831,t
1,0.0000046,102,1831,f,157,1831,t
1,0.0000046,1016,1831,f,939,1831,t
1,0.0000046,1012,1831,f,461,1831,t
1,0.0000046,101,1831,f,159,1831,t
1,0.0000046,1005,1831,f,936,1831,t
1,0.0000046,1001,1831,f,991,1831,t
1,0.0000046,1,1831,f,4,1831,t
1,0.0000046,1,1831,f,17,1831,t
1,0.0000046,1,1831,f,17,1831,t
1,0.0000046,1,1831,f,1,1831,t
1,0.0000046,999,1831,f,931,1831,t
1,0.0000046,931,1831,f,1005,1831,t
1,0.0000046,909,1831,f,942,1831,t
1,0.0000046,909,1831,f,925,1831,t
1,0.0000046,901,1831,f,913,1831,t
1,0.0000046,882,1831,f,876,1831,t
1,0.0000046,882,1831,f,869,1831,t
1,0.0000046,865,1831,f,885,1831,t
1,0.0000046,865,1831,f,869,1831,t
1,0.0000046,865,1831,f,868,1831,t
1,0.0000046,865,1831,f,865,1831,t
1,0.0000046,865,1831,f,865,1831,t
1,0.0000046,860,1831,f,833,1831,t
1,0.0000046,860,1831,f,828,1831,t
1,0.0000046,857,1831,f,850,1831,t
1,0.0000046,853,1831,f,729,1831,t
1,0.0000046,834,1831,f,828,1831,t
1,0.0000046,828,1831,f,860,1831,t
1,0.0000046,828,1831,f,860,1831,t
1,0.0000046,828,1831,f,860,1831,t
1,0.0000046,828,1831,f,834,1831,t
1,0.0000046,828,1831,f,810,1831,t
1,0.0000046,814,1831,f,826,1831,t
1,0.0000046,812,1831,f,797,1831,t
1,0.0000046,8,1831,f,5,1831,t
1,0.0000046,774,1831,f,782,1831,t
1,0.0000046,774,1831,f,774,1831,t
1,0.0000046,773,1831,f,757,1831,t
1,0.0000046,772,1831,f,774,1831,t
1,0.0000046,770,1831,f,774,1831,t
1,0.0000046,770,1831,f,710,1831,t
1,0.0000046,757,1831,f,774,1831,t
1,0.0000046,751,1831,f,763,1831,t
1,0.0000046,744,1831,f,786,1831,t
1,0.0000046,731,1831,f,740,1831,t
1,0.0000046,671,1831,f,648,1831,t
1,0.0000046,666,1831,f,702,1831,t
1,0.0000046,665,1831,f,652,1831,t
1,0.0000046,657,1831,f,657,1831,t
1,0.0000046,657,1831,f,657,1831,t
1,0.0000046,657,1831,f,657,1831,t
1,0.0000046,657,1831,f,631,1831,t
1,0.0000046,654,1831,f,600,1831,t
1,0.0000046,652,1831,f,665,1831,t
1,0.0000046,648,1831,f,671,1831,t
1,0.0000046,631,1831,f,560,1831,t
1,0.0000046,615,1831,f,596,1831,t
1,0.0000046,611,1831,f,611,1831,t
1,0.0000046,602,1831,f,586,1831,t
1,0.0000046,596,1831,f,615,1831,t
1,0.0000046,588,1831,f,639,1831,t
1,0.0000046,588,1831,f,585,1831,t
1,0.0000046,586,1831,f,586,1831,t
1,0.0000046,586,1831,f,586,1831,t
1,0.0000046,586,1831,f,585,1831,t
1,0.0000046,584,1831,f,639,1831,t
1,0.0000046,580,1831,f,588,1831,t
1,0.0000046,578,1831,f,519,1831,t
1,0.0000046,569,1831,f,569,1831,t
1,0.0000046,566,1831,f,563,1831,t
1,0.0000046,565,1831,f,568,1831,t
1,0.0000046,563,1831,f,547,1831,t
1,0.0000046,555,1831,f,556,1831,t
1,0.0000046,555,1831,f,555,1831,t
1,0.0000046,554,1831,f,553,1831,t
1,0.0000046,548,1831,f,632,1831,t
1,0.0000046,525,1831,f,476,1831,t
1,0.0000046,522,1831,f,858,1831,t
1,0.0000046,521,1831,f,441,1831,t
1,0.0000046,520,1831,f,500,1831,t
1,0.0000046,520,1831,f,497,1831,t
1,0.0000046,520,1831,f,497,1831,t
1,0.0000046,519,1831,f,581,1831,t
1,0.0000046,514,1831,f,513,1831,t
1,0.0000046,513,1831,f,514,1831,t
1,0.0000046,5,1831,f,5,1831,t
1,0.0000046,480,1831,f,525,1831,t
1,0.0000046,480,1831,f,525,1831,t
1,0.0000046,48,1831,f,38,1831,t
1,0.0000046,479,1831,f,504,1831,t
1,0.0000046,461,1831,f,442,1831,t
1,0.0000046,455,1831,f,445,1831,t
1,0.0000046,455,1831,f,444,1831,t
1,0.0000046,455,1831,f,443,1831,t
1,0.0000046,455,1831,f,440,1831,t
1,0.0000046,448,1831,f,264,1831,t
1,0.0000046,447,1831,f,447,1831,t
1,0.0000046,445,1831,f,449,1831,t
1,0.0000046,443,1831,f,461,1831,t
1,0.0000046,443,1831,f,460,1831,t
1,0.0000046,443,1831,f,445,1831,t
1,0.0000046,440,1831,f,464,1831,t
1,0.0000046,440,1831,f,460,1831,t
1,0.0000046,44,1831,f,90,1831,t
1,0.0000046,439,1831,f,467,1831,t
1,0.0000046,431,1831,f,433,1831,t
1,0.0000046,429,1831,f,361,1831,t
1,0.0000046,428,1831,f,364,1831,t
1,0.0000046,428,1831,f,360,1831,t
1,0.0000046,427,1831,f,361,1831,t
1,0.0000046,422,1831,f,352,1831,t
1,0.0000046,421,1831,f,360,1831,t
1,0.0000046,420,1831,f,360,1831,t
1,0.0000046,420,1831,f,360,1831,t
1,0.0000046,419,1831,f,360,1831,t
1,0.0000046,418,1831,f,360,1831,t
1,0.0000046,409,1831,f,360,1831,t
1,0.0000046,365,1831,f,428,1831,t
1,0.0000046,362,1831,f,427,1831,t
1,0.0000046,360,1831,f,423,1831,t
1,0.0000046,358,1831,f,413,1831,t
1,0.0000046,352,1831,f,420,1831,t
1,0.0000046,352,1831,f,420,1831,t
1,0.0000046,340,1831,f,435,1831,t
1,0.0000046,320,1831,f,281,1831,t
1,0.0000046,320,1831,f,256,1831,t
1,0.0000046,298,1831,f,306,1831,t
1,0.0000046,273,1831,f,249,1831,t
1,0.0000046,247,1831,f,157,1831,t
1,0.0000046,237,1831,f,245,1831,t
1,0.0000046,230,1831,f,156,1831,t
1,0.0000046,227,1831,f,156,1831,t
1,0.0000046,227,1831,f,156,1831,t
1,0.0000046,227,1831,f,150,1831,t
1,0.0000046,227,1829,f,156,1831,t
1,0.0000046,223,1831,f,196,1831,t
1,0.0000046,223,1831,f,196,1831,t
1,0.0000046,196,1831,f,223,1831,t
1,0.0000046,190,1831,f,505,1831,t
1,0.0000046,189,1831,f,189,1831,t
1,0.0000046,179,1831,f,179,1831,t
1,0.0000046,1765,1831,f,1775,1831,t
1,0.0000046,17,1831,f,17,1831,t
1,0.0000046,1673,1831,f,1658,1831,t
1,0.0000046,1659,1831,f,1502,1831,t
1,0.0000046,1648,1831,f,1771,1831,t
1,0.0000046,1629,1831,f,1545,1831,t
1,0.0000046,1597,1831,f,1597,1831,t
1,0.0000046,157,1831,f,98,1831,t
1,0.0000046,157,1831,f,98,1831,t
1,0.0000046,157,1831,f,102,1831,t
1,0.0000046,156,1831,f,98,1831,t
1,0.0000046,156,1831,f,234,1831,t
1,0.0000046,156,1831,f,227,1831,t
1,0.0000046,156,1831,f,227,1831,t
1,0.0000046,155,1831,f,155,1831,t
1,0.0000046,155,1831,f,155,1831,t
1,0.0000046,155,1831,f,154,1831,t
1,0.0000046,155,1831,f,154,1831,t
1,0.0000046,1531,1831,f,1531,1831,t
1,0.0000046,1519,1831,f,1530,1831,t
1,0.0000046,1519,1831,f,1530,1831,t
1,0.0000046,1514,1831,f,1404,1831,t
1,0.0000046,1496,1831,f,1496,1831,t
1,0.0000046,1409,1831,f,1409,1831,t
1,0.0000046,1356,1831,f,1356,1831,t
1,0.0000046,1282,1831,f,1260,1831,t
1,0.0000046,1194,1831,f,1119,1831,t
1,0.0000046,1184,1831,f,568,1831,t
1,0.0000046,1173,1831,f,1167,1831,t
1,0.0000046,1168,1831,f,1149,1831,t
1,0.0000046,1157,1831,f,1179,1831,t
1,0.0000046,1093,1831,f,1084,1831,t
1,0.0000046,1086,1831,f,1070,1831,t
1,0.0000046,1086,1831,f,1070,1831,t
1,0.0000046,1073,1831,f,1041,1831,t
1,0.0000046,1070,1831,f,1086,1831,t
1,0.0000046,1056,1831,f,988,1831,t
1,0.0000046,1048,1831,f,1058,1831,t
1,0.0000046,1047,1831,f,1024,1831,t
1,0.0000046,1041,1831,f,1073,1831,t
1,0.0000046,1030,1831,f,962,1831,t
1,0.0000046,1028,1831,f,1039,1831,t
1,0.0000046,102,1831,f,157,1831,t
1,0.0000046,1016,1831,f,939,1831,t
1,0.0000046,1,1831,f,17,1831,t
1,0.0000046,943,1831,f,953,1831,t
1,0.0000046,943,1831,f,943,1831,t
1,0.0000046,939,1831,f,1016,1831,t
1,0.0000046,927,1831,f,891,1831,t
1,0.0000046,882,1831,f,869,1831,t
1,0.0000046,876,1831,f,884,1831,t
1,0.0000046,865,1831,f,869,1831,t
1,0.0000046,865,1831,f,868,1831,t
1,0.0000046,865,1831,f,865,1831,t
1,0.0000046,826,1831,f,814,1831,t
1,0.0000046,811,1831,f,796,1831,t
1,0.0000046,806,1831,f,793,1831,t
1,0.0000046,797,1831,f,812,1831,t
1,0.0000046,774,1831,f,774,1831,t
1,0.0000046,740,1831,f,731,1831,t
1,0.0000046,729,1831,f,853,1831,t
1,0.0000046,702,1831,f,702,1831,t
1,0.0000046,696,1831,f,684,1831,t
1,0.0000046,671,1831,f,648,1831,t
1,0.0000046,665,1831,f,652,1831,t
1,0.0000046,657,1831,f,657,1831,t
1,0.0000046,622,1831,f,641,1831,t
1,0.0000046,612,1831,f,588,1831,t
1,0.0000046,588,1831,f,580,1831,t
1,0.0000046,569,1831,f,569,1831,t
1,0.0000046,555,1831,f,555,1831,t
1,0.0000046,552,1831,f,552,1831,t
1,0.0000046,550,1831,f,552,1831,t
1,0.0000046,520,1831,f,497,1831,t
1,0.0000046,5,1831,f,5,1831,t
1,0.0000046,5,1831,f,5,1831,t
1,0.0000046,5,1831,f,5,1831,t
1,0.0000046,455,1831,f,443,1831,t
1,0.0000046,442,1831,f,463,1831,t
1,0.0000046,439,1831,f,442,1831,t
1,0.0000046,428,1831,f,364,1831,t
1,0.0000046,427,1831,f,364,1831,t
1,0.0000046,420,1831,f,360,1831,t
1,0.0000046,363,1831,f,427,1831,t
1,0.0000046,360,1831,f,428,1831,t
1,0.0000046,360,1831,f,428,1831,t
1,0.0000046,360,1831,f,421,1831,t
1,0.0000046,360,1828,f,419,1831,t
1,0.0000046,36,1831,f,50,1831,t
1,0.0000046,352,1831,f,421,1831,t
1,0.0000046,352,1831,f,420,1831,t
1,0.0000046,346,1831,f,276,1831,t
1,0.0000046,339,1831,f,451,1831,t
1,0.0000046,227,1831,f,156,1831,t
1,0.0000046,189,1831,f,189,1831,t
1,0.0000046,1771,1831,f,1652,1831,t
1,0.0000046,157,1831,f,98,1831,t
1,0.0000046,157,1831,f,98,1831,t
1,0.0000046,156,1831,f,227,1831,t
1,0.0000046,156,1831,f,227,1831,t
1,0.0000046,154,1831,f,155,1831,t
1,0.0000046,1527,1831,f,1610,1831,t
1,0.0000046,1403,1831,f,800,1831,t
1,0.0000046,138,1831,f,157,1831,t
1,0.0000046,1360,1831,f,753,1831,t
1,0.0000046,1233,1831,f,1080,1831,t
1,0.0000046,115,1831,f,180,1831,t
1,0.0000046,1125,1831,f,1038,1831,t
1,0.0000046,1107,1831,f,1146,1831,t
1,0.0000046,106,1831,f,103,1831,t
1,0.0000046,101,1831,f,157,1831,t
1,0.0000046,101,1831,f,157,1831,t
1,0.0000046,1005,1831,f,936,1831,t
1,0.0000046,996,1831,f,936,1831,t
1,0.0000046,946,1831,f,964,1831,t
1,0.0000046,925,1831,f,909,1831,t
1,0.0000046,865,1831,f,865,1831,t
1,0.0000046,819,1831,f,830,1831,t
1,0.0000046,774,1831,f,771,1831,t
1,0.0000046,671,1831,f,648,1831,t
1,0.0000046,665,1831,f,652,1831,t
1,0.0000046,652,1831,f,665,1831,t
1,0.0000046,602,1831,f,586,1831,t
1,0.0000046,520,1831,f,497,1831,t
1,0.0000046,428,1831,f,360,1831,t
1,0.0000046,427,1831,f,360,1831,t
1,0.0000046,421,1831,f,360,1831,t
1,0.0000046,421,1831,f,360,1831,t
1,0.0000046,4,1831,f,4,1831,t
1,0.0000046,369,1831,f,431,1831,t
1,0.0000046,360,1831,f,420,1831,t
1,0.0000046,352,1831,f,421,1831,t
1,0.0000046,196,1831,f,223,1831,t
1,0.0000046,196,1831,f,223,1831,t
1,0.0000046,1771,1831,f,1690,1831,t
1,0.0000046,1658,1831,f,1673,1831,t
1,0.0000046,156,1831,f,227,1831,t
1,0.0000046,154,1831,f,155,1831,t
1,0.0000046,665,1831,f,652,1831,t
1,0.0000046,618,1831,f,622,1831,t
1,0.0000046,611,1831,f,611,1831,t
1,0.0000046,569,1831,f,541,1831,t
1,0.0000046,5,1831,f,5,1831,t
1,0.0000046,467,1831,f,439,1831,t
1,0.0000046,448,1831,f,262,1831,t
1,0.0000046,38,1831,f,22,1831,t
1,0.0000046,366,1831,f,430,1831,t
1,0.0000046,360,1831,f,428,1831,t
1,0.0000046,336,1831,f,354,1831,t
1,0.0000046,264,1831,f,448,1831,t
1,0.0000046,1658,1831,f,1673,1831,t
1,0.0000046,157,1831,f,98,1831,t
1,0.0000046,154,1831,f,155,1831,t
1,0.0000046,98,1831,f,157,1831,t
1,0.0000046,98,1831,f,157,1831,t
1,0.0000046,774,1831,f,757,1831,t
1,0.0000046,433,1831,f,369,1831,t
1,0.0000046,402,1831,f,379,1831,t
1,0.0000046,324,1831,f,308,1831,t
1,0.0000046,1248,1831,f,882,1831,t
1,0.0000046,1146,1831,f,1144,1831,t
1,0.0000046,108,1831,f,108,1831,t
1,0.0000046,828,1831,f,860,1831,t
1,0.0000046,360,1831,f,423,1831,t
1,0.0000046,1356,1831,f,1356,1831,t
1,0.0000046,98,1831,f,157,1831,t
1,0.0000046,834,1831,f,834,1831,t
1,0.0000046,588,1831,f,612,1831,t
1,0.0000046,588,1831,f,612,1831,t
1,0.0000046,5,1831,f,5,1831,t
1,0.0000046,427,1831,f,361,1831,t
1,0.0000046,360,1831,f,420,1831,t
1,0.0000046,959,1831,f,1058,1831,t
1,0.0000046,774,1831,f,757,1831,t
1,0.0000046,665,1831,f,652,1831,t
1,0.0000046,652,1831,f,665,1831,t
1,0.0000046,611,1831,f,611,1831,t
1,0.0000046,360,1831,f,421,1831,t
1,0.0000046,227,1831,f,156,1831,t
1,0.0000046,196,1831,f,223,1831,t
1,0.0000046,157,1831,f,98,1831,t
1,0.0000046,157,1831,f,98,1831,t
1,0.0000046,156,1831,f,227,1831,t
1,0.0000046,1271,1831,f,1262,1831,t
1,0.0000046,1248,1831,f,1248,1831,t
1,0.0000046,98,1831,f,157,1831,t
1,0.0000046,306,1831,f,296,1831,t
1,0.0000046,157,1831,f,98,1831,t
1,0.0000046,156,1831,f,227,1831,t
1,0.0000046,155,1831,f,154,1831,t
1,0.0000046,138,1831,f,157,1831,t
1,0.0000046,108,1831,f,108,1831,t
1,0.0000046,812,1831,f,797,1831,t
1,0.0000046,680,1831,f,648,1831,t
1,0.0000046,648,1831,f,671,1831,t
1,0.0000046,541,1831,f,541,1831,t
1,0.0000046,5,1831,f,5,1831,t
1,0.0000046,352,1831,f,421,1831,t
1,0.0000046,223,1831,f,196,1831,t
1,0.0000046,2,1831,f,2,1831,t
1,0.0000046,1597,1831,f,1591,1831,t
1,0.0000046,154,1831,f,155,1831,t
1,0.0000046,652,1831,f,658,1831,t
1,0.0000046,581,1831,f,519,1831,t
1,0.0000046,5,1831,f,5,1831,t
1,0.0000046,828,1831,f,834,1831,t
1,0.0000046,529,1831,f,497,1831,t
1,0.0000046,5,1831,f,5,1831,t
1,0.0000046,443,1831,f,443,1831,t
1,0.0000046,430,1831,f,366,1831,t
1,0.0000046,420,1831,f,360,1831,t
1,0.0000046,652,1831,f,665,1831,t
1,0.0000046,824,1831,f,828,1831,t
1,0.0000046,363,1831,f,427,1831,t
1,0.0000046,153,1831,f,155,1831,t
1,0.0000046,153,1831,f,155,1831,t
1,0.0000046,98,1831,f,157,1831,t
1,0.0000046,731,1831,f,740,1831,t
1,0.0000046,615,1831,f,623,1831,t
1,0.0000046,420,1831,f,352,1831,t
1,0.0000046,227,1831,f,156,1831,t
1,0.0000046,1001,1831,f,1072,1831,t
1,0.0000046,702,1831,f,686,1831,t
1,0.0000046,519,1831,f,497,1831,t
1,0.0000046,1647,1831,f,931,1831,t
1,0.0000046,976,1831,f,713,1831,t
1,0.0000046,394,1831,f,449,1831,t
1,0.0000046,652,1831,f,659,1831,t
1,0.0000046,602,1831,f,586,1831,t
1,0.0000046,560,1831,f,1514,1831,t
1,0.0000046,5,1831,f,5,1831,t
1,0.0000046,860,1831,f,828,1831,t
1,0.0000046,774,1831,f,774,1831,t
1,0.0000046,654,1830,f,645,1831,t
1,0.0000046,360,1831,f,421,1831,t
1,0.0000046,819,1831,f,887,1831,t
1,0.0000046,702,1831,f,702,1831,t
1,0.0000046,671,1831,f,648,1831,t
1,0.0000046,987,1831,f,987,1831,t
1,0.0000046,369,1831,f,736,1831,t
1,0.0000046,20,1831,f,1492,1831,t
1,0.0000046,1658,1831,f,1673,1831,t
1,0.0000046,853,1831,f,729,1831,t
1,0.0000046,5,1831,f,5,1831,t
1,0.0000046,1796,1831,f,1726,1831,t
1,0.0000046,588,1831,f,612,1831,t
1,0.0000046,585,1831,f,593,1831,t
1,0.0000046,5,1831,f,5,1831,t
1,0.0000046,1755,1831,f,1646,1831,t
1,0.0000046,360,1831,f,419,1831,t
1,0.0000046,828,1831,f,860,1831,t
1,0.0000046,497,1831,f,520,1831,t
1,0.0000046,420,1831,f,360,1831,t
1,0.0000046,1796,1831,f,1726,1831,t
1,0.0000046,1771,1831,f,1690,1831,t
1,0.0000046,1742,1831,f,1702,1831,t
1,0.0000046,1086,1831,f,1070,1831,t
1,0.0000046,877,1831,f,877,1831,t
1,0.0000046,1764,1831,f,1686,1831,t
1,0.0000046,1696,1831,f,1696,1831,t
1,0.0000046,1026,1831,f,917,1831,t
1,0.0000046,999,1831,f,931,1831,t
1,0.0000046,860,1831,f,828,1831,t
1,0.0000046,1696,1831,f,1696,1831,t
1,0.0000046,652,1831,f,665,1831,t
1,0.0000046,498,1831,f,520,1831,t
1,0.0000046,1796,1831,f,1718,1831,t
1,0.0000046,1771,1831,f,1690,1831,t
1,0.0000046,1771,1831,f,1648,1831,t
1,0.0000046,1762,1831,f,1679,1831,t
1,0.0000046,157,1831,f,98,1831,t
1,0.0000046,1796,1831,f,1726,1831,t
1,0.0000046,652,1831,f,665,1831,t
1,0.0000046,611,1831,f,611,1831,t
1,0.0000046,365,1831,f,428,1831,t
1,0.0000046,865,1831,f,868,1831,t
1,0.0000046,765,1831,f,716,1831,t
1,0.0000046,586,1831,f,602,1831,t
1,0.0000046,5,1831,f,5,1831,t
1,0.0000046,450,1831,f,289,1831,t
1,0.0000046,362,1831,f,427,1831,t
1,0.0000046,360,1831,f,420,1831,t
1,0.0000046,1816,1831,f,1684,1831,t
1,0.0000046,1780,1831,f,1684,1831,t
1,0.0000046,1771,1831,f,1690,1831,t
1,0.0000046,1771,1831,f,1690,1831,t
1,0.0000046,1696,1831,f,1696,1831,t
1,0.0000046,1673,1831,f,1659,1831,t
1,0.0000046,1545,1831,f,1537,1831,t
1,0.0000046,1073,1831,f,1041,1831,t
1,0.0000046,1047,1831,f,1057,1831,t
1,0.0000046,812,1831,f,849,1831,t
1,0.0000046,665,1831,f,626,1831,t
1,0.0000046,652,1831,f,665,1831,t
1,0.0000046,1771,1831,f,1690,1831,t
1,0.0000046,1761,1831,f,1644,1831,t
1,0.0000046,156,1831,f,227,1831,t
1,0.0000046,157,1831,f,98,1831,t
1.0,0,882,1831,f,869,1831,t
1.0,0.0000091,865,1831,f,865,1831,t
1.0,0,868,1831,f,882,1831,t
1.0,0.0000091,865,1831,f,865,1831,t
1.0,0,360,1831,f,421,1831,t
1.0,0,882,1831,f,869,1831,t
1.0,0.0000091,865,1831,f,865,1831,t
1.0,0,423,1831,f,360,1831,t
1.0,0.0000091,419,1831,f,360,1831,t
1.0,0,421,1831,f,360,1831,t
1.0,0.0000091,360,1831,f,420,1831,t
1.0,0.0000091,352,1831,f,420,1831,t
1.0,0.0000091,157,1831,f,98,1831,t
1.0,0,227,1831,f,156,1831,t
1.0,0,828,1831,f,860,1831,t
1.0,0.0000091,828,1831,f,860,1831,t
1.0,0,665,1831,f,652,1831,t
1.0,0.0000091,658,1831,f,652,1831,t
1.0,0,420,1831,f,360,1831,t
1.0,0.0000091,419,1831,f,360,1831,t
1.0,0,360,1831,f,421,1831,t
1.0,0.0000091,360,1831,f,419,1831,t
1.0,0,360,1831,f,420,1831,t
1.0,0.0000091,360,1831,f,419,1831,t
1.0,0,227,1831,f,156,1831,t
1.0,0,156,1831,f,227,1831,t
1.0,0,157,1831,f,98,1831,t
1.0,0.0000091,156,1831,f,98,1831,t
1.0,0,882,1831,f,869,1831,t
1.0,0.0000091,865,1831,f,865,1831,t
0.5,0,868,1831,f,882,1831,t
0.5,0.0000046,865,1831,f,865,1831,t
0.5,0,421,1831,f,360,1831,t
0.5,0.0000046,420,1831,f,360,1831,t
0.5,0,1673,1831,f,1658,1831,t
0.5,0.0000046,1658,1831,f,1673,1831,t
0.5,0.0000046,1,379,t,1,441,f
0.5,0,360,1831,f,421,1831,t
0.5,0.0000046,360,1831,f,420,1831,t
0.5,0,1026,1831,f,917,1831,t
0.5,0.0000046,1005,1831,f,917,1831,t
0.5,0,827,1831,f,814,1831,t
0.5,0.0000046,814,1831,f,814,1831,t
0.5,0,428,1831,f,360,1831,t
0.5,0.0000046,420,1831,f,360,1831,t
0.5,0,665,1831,f,652,1831,t
0.5,0.0000046,658,1831,f,652,1831,t
0.5,0,586,1831,f,602,1831,t
0.5,0.0000046,585,1831,f,590,1831,t
0.5,0,427,1831,f,362,1831,t
0.5,0.0000046,419,1831,f,362,1831,t
0.5,0,865,1831,f,878,1831,t
0.5,0.0000046,865,1831,f,865,1831,t
0.5,0,612,1831,f,588,1831,t
0.5,0.0000046,588,1831,f,612,1831,t
0.5,0,5,1831,f,5,1831,t
0.5,0.0000046,5,1831,f,5,1831,t
0.5,0,156,1831,f,227,1831,t
0.5,0.0000046,156,1831,f,227,1831,t
0.5,0,471,1831,f,478,1831,t
0.5,0.0000046,462,1831,f,479,1831,t
0.5,0,440,1831,f,455,1831,t
0.5,0.0000046,439,1831,f,447,1831,t
0.5,0,420,1831,f,360,1831,t
0.5,0.0000046,419,1831,f,360,1831,t
0.5,0,427,1831,f,361,1831,t
0.5,0,1,944,t,1,1013,f
0.5,0.0000046,1,938,t,1,1008,f
0.5,0,1,381,t,1,440,f
0.5,0.0000046,1,378,t,1,441,f
0.5,0,868,1831,f,868,1831,t
0.5,0.0000046,865,1831,f,865,1831,t
0.5,0.0000046,828,1831,f,860,1831,t
0.5,0,778,1831,f,779,1831,t
0.5,0.0000046,774,1831,f,774,1831,t
0.5,0,440,1831,f,455,1831,t
0.5,0.0000046,439,1831,f,441,1831,t
0.5,0,422,1831,f,352,1831,t
0.5,0.0000046,420,1831,f,352,1831,t
0.5,0,98,1831,f,157,1831,t
0.5,0.0000046,98,1831,f,157,1831,t
0.5,0,940,1831,f,954,1831,t
0.5,0.0000046,940,1831,f,943,1831,t
0.5,0,902,1831,f,977,1831,t
0.5,0.0000046,888,1831,f,974,1831,t
0.5,0,865,1831,f,865,1831,t
0.5,0.0000046,865,1831,f,885,1831,t
0.5,0,869,1831,f,868,1831,t
0.5,0.0000046,865,1831,f,865,1831,t
0.5,0,828,1831,f,860,1831,t
0.5,0.0000046,828,1831,f,860,1831,t
0.5,0.0000046,828,1831,f,860,1831,t
0.5,0,828,1831,f,869,1831,t
0.5,0.0000046,828,1831,f,860,1831,t
0.5,0,814,1831,f,814,1831,t
0.5,0.0000046,827,1831,f,814,1831,t
0.5,0,826,1831,f,826,1831,t
0.5,0.0000046,814,1831,f,814,1831,t
0.5,0,774,1831,f,774,1831,t
0.5,0.0000046,774,1831,f,774,1831,t
0.5,0,720,1831,f,717,1831,t
0.5,0.0000046,720,1831,f,714,1831,t
0.5,0,74,1831,f,68,1831,t
0.5,0.0000046,69,1831,f,68,1831,t
0.5,0,657,1831,f,657,1831,t
0.5,0.0000046,657,1831,f,657,1831,t
0.5,0,596,1831,f,615,1831,t
0.5,0.0000046,596,1831,f,596,1831,t
0.5,0,555,1831,f,556,1831,t
0.5,0.0000046,554,1831,f,552,1831,t
0.5,0,541,1831,f,560,1831,t
0.5,0.0000046,541,1831,f,554,1831,t
0.5,0,541,1831,f,569,1831,t
0.5,0.0000046,541,1831,f,552,1831,t
0.5,0,532,1831,f,532,1831,t
0.5,0.0000046,531,1831,f,540,1831,t
0.5,0,516,1831,f,514,1831,t
0.5,0.0000046,514,1831,f,514,1831,t
0.5,0,497,1831,f,520,1831,t
0.5,0.0000046,497,1831,f,520,1831,t
0.5,0,443,1831,f,447,1831,t
0.5,0.0000046,443,1831,f,443,1831,t
0.5,0,421,1831,f,360,1831,t
0.5,0.0000046,420,1831,f,360,1831,t
0.5,0,427,1831,f,361,1831,t
0.5,0.0000046,419,1831,f,362,1831,t
0.5,0,424,1831,f,360,1831,t
0.5,0.0000046,419,1831,f,360,1831,t
0.5,0,421,1831,f,360,1831,t
0.5,0.0000046,419,1831,f,360,1831,t
0.5,0,423,1831,f,360,1831,t
0.5,0.0000046,400,1831,f,360,1831,t
0.5,0,420,1831,f,358,1831,t
0.5,0,416,1831,f,360,1831,t
0.5,0,360,1831,f,423,1831,t
0.5,0.0000046,360,1831,f,422,1831,t
0.5,0,358,1831,f,421,1831,t
0.5,0.0000046,354,1831,f,420,1831,t
0.5,0,360,1831,f,410,1831,t
0.5,0.0000046,352,1831,f,421,1831,t
0.5,0,227,1831,f,158,1831,t
0.5,0.0000046,227,1831,f,156,1831,t
0.5,0.0000046,158,1831,f,98,1831,t
0.5,0,157,1831,f,102,1831,t
0.5,0.0000046,156,1831,f,98,1831,t
0.5,0,98,1831,f,157,1831,t
0.5,0,98,1831,f,157,1831,t
0.5,0.0000046,98,1831,f,157,1831,t
0.5,0,101,1831,f,157,1831,t
0.5,0.0000046,98,1831,f,157,1831,t
0.5,0,948,1831,f,958,1831,t
0.5,0.0000046,948,1831,f,958,1831,t
0.5,0,918,1831,f,883,1831,t
0.5,0.0000046,917,1831,f,883,1831,t
0.5,0,888,1831,f,886,1831,t
0.5,0.0000046,886,1831,f,886,1831,t
0.5,0,869,1831,f,865,1831,t
0.5,0.0000046,868,1831,f,868,1831,t
0.5,0,865,1831,f,885,1831,t
0.5,0.0000046,865,1831,f,882,1831,t
0.5,0,868,1831,f,870,1831,t
0.5,0.0000046,865,1831,f,878,1831,t
0.5,0,882,1831,f,868,1831,t
0.5,0.0000046,865,1831,f,865,1831,t
0.5,0,882,1831,f,866,1831,t
0.5,0.0000046,865,1831,f,865,1831,t
0.5,0,878,1831,f,868,1831,t
0.5,0.0000046,865,1831,f,865,1831,t
0.5,0,865,1831,f,869,1831,t
0.5,0.0000046,865,1831,f,865,1831,t
0.5,0,834,1831,f,833,1831,t
0.5,0.0000046,834,1831,f,828,1831,t
0.5,0,828,1831,f,860,1831,t
0.5,0,827,1831,f,814,1831,t
0.5,0.0000046,814,1831,f,827,1831,t
0.5,0,814,1831,f,827,1831,t
0.5,0.0000046,814,1831,f,814,1831,t
0.5,0,812,1831,f,797,1831,t
0.5,0.0000046,812,1831,f,796,1831,t
0.5,0,782,1831,f,774,1831,t
0.5,0.0000046,774,1831,f,774,1831,t
0.5,0,774,1831,f,774,1831,t
0.5,0.0000046,774,1831,f,771,1831,t
0.5,0,772,1831,f,774,1831,t
0.5,0.0000046,772,1831,f,773,1831,t
0.5,0,774,1831,f,757,1831,t
0.5,0.0000046,763,1831,f,763,1831,t
0.5,0,751,1831,f,763,1831,t
0.5,0.0000046,751,1831,f,762,1831,t
0.5,0,703,1831,f,586,1831,t
0.5,0.0000046,703,1831,f,586,1831,t
0.5,0,657,1831,f,657,1831,t
0.5,0.0000046,657,1831,f,657,1831,t
0.5,0,652,1831,f,665,1831,t
0.5,0.0000046,652,1831,f,665,1831,t
0.5,0,652,1831,f,665,1831,t
0.5,0.0000046,652,1831,f,658,1831,t
0.5,0,652,1831,f,665,1831,t
0.5,0.0000046,652,1831,f,652,1831,t
0.5,0,641,1831,f,620,1831,t
0.5,0.0000046,628,1831,f,641,1831,t
0.5,0,620,1831,f,641,1831,t
0.5,0.0000046,620,1831,f,622,1831,t
0.5,0,612,1831,f,588,1831,t
0.5,0.0000046,612,1831,f,588,1831,t
0.5,0,602,1831,f,595,1831,t
0.5,0.0000046,602,1831,f,586,1831,t
0.5,0,595,1831,f,588,1831,t
0.5,0.0000046,588,1831,f,612,1831,t
0.5,0,612,1831,f,588,1831,t
0.5,0.0000046,588,1831,f,606,1831,t
0.5,0,602,1831,f,586,1831,t
0.5,0.0000046,586,1831,f,602,1831,t
0.5,0,586,1831,f,602,1831,t
0.5,0.0000046,585,1831,f,595,1831,t
0.5,0,586,1831,f,602,1831,t
0.5,0.0000046,585,1831,f,585,1831,t
0.5,0,554,1831,f,552,1831,t
0.5,0.0000046,566,1831,f,552,1831,t
0.5,0,565,1831,f,516,1831,t
0.5,0.0000046,562,1831,f,519,1831,t
0.5,0,557,1831,f,590,1831,t
0.5,0.0000046,554,1831,f,588,1831,t
0.5,0,611,1831,f,551,1831,t
0.5,0,547,1831,f,563,1831,t
0.5,0.0000046,547,1831,f,553,1831,t
0.5,0,540,1831,f,531,1831,t
0.5,0.0000046,531,1831,f,540,1831,t
0.5,0,529,1831,f,497,1831,t
0.5,0.0000046,520,1831,f,497,1831,t
0.5,0,529,1831,f,497,1831,t
0.5,0.0000046,520,1831,f,497,1831,t
0.5,0,514,1831,f,517,1831,t
0.5,0.0000046,514,1831,f,514,1831,t
0.5,0,5,1831,f,5,1831,t
0.5,0.0000046,5,1831,f,5,1831,t
0.5,0,520,1831,f,498,1831,t
0.5,0.0000046,498,1831,f,519,1831,t
0.5,0,497,1831,f,525,1831,t
0.5,0.0000046,497,1831,f,520,1831,t
0.5,0,442,1831,f,447,1831,t
0.5,0.0000046,440,1831,f,455,1831,t
0.5,0,447,1831,f,442,1831,t
0.5,0.0000046,440,1831,f,443,1831,t
0.5,0,44,1831,f,44,1831,t
0.5,0.0000046,44,1831,f,38,1831,t
0.5,0,440,1831,f,443,1831,t
0.5,0.0000046,439,1831,f,443,1831,t
0.5,0,439,1831,f,467,1831,t
0.5,0.0000046,438,1831,f,443,1831,t
0.5,0,432,1831,f,369,1831,t
0.5,0.0000046,432,1831,f,369,1831,t
0.5,0,420,1831,f,360,1831,t
0.5,0.0000046,429,1831,f,360,1831,t
0.5,0,429,1831,f,362,1831,t
0.5,0.0000046,427,1831,f,363,1831,t
0.5,0,427,1831,f,361,1831,t
0.5,0.0000046,424,1831,f,360,1831,t
0.5,0,424,1831,f,360,1831,t
0.5,0.0000046,423,1831,f,361,1831,t
0.5,0,419,1831,f,360,1831,t
0.5,0.0000046,423,1831,f,360,1831,t
0.5,0,424,1831,f,360,1831,t
0.5,0.0000046,423,1831,f,360,1831,t
0.5,0,422,1831,f,352,1831,t
0.5,0.0000046,420,1831,f,360,1831,t
0.5,0,427,1831,f,361,1831,t
0.5,0.0000046,419,1831,f,360,1831,t
0.5,0,421,1831,f,360,1831,t
0.5,0.0000046,419,1831,f,360,1831,t
0.5,0,420,1831,f,360,1831,t
0.5,0.0000046,419,1831,f,360,1831,t
0.5,0,429,1831,f,360,1831,t
0.5,0.0000046,416,1831,f,360,1831,t
0.5,0,395,1831,f,446,1831,t
0.5,0.0000046,394,1831,f,446,1831,t
0.5,0,366,1831,f,430,1831,t
0.5,0.0000046,363,1831,f,427,1831,t
0.5,0,423,1831,f,362,1831,t
0.5,0,362,1831,f,427,1831,t
0.5,0.0000046,361,1831,f,427,1831,t
0.5,0,369,1831,f,433,1831,t
0.5,0.0000046,361,1831,f,427,1831,t
0.5,0,412,1831,f,352,1831,t
0.5,0,362,1831,f,427,1831,t
0.5,0,360,1831,f,428,1831,t
0.5,0.0000046,360,1831,f,423,1831,t
0.5,0,360,1831,f,421,1831,t
0.5,0.0000046,360,1831,f,421,1831,t
0.5,0,360,1831,f,428,1831,t
0.5,0.0000046,360,1831,f,420,1831,t
0.5,0,360,1831,f,423,1831,t
0.5,0.0000046,360,1831,f,420,1831,t
0.5,0,360,1831,f,421,1831,t
0.5,0.0000046,360,1831,f,420,1831,t
0.5,0,360,1831,f,422,1831,t
0.5,0.0000046,360,1831,f,420,1831,t
0.5,0,360,1831,f,420,1831,t
0.5,0.0000046,360,1831,f,419,1831,t
0.5,0,360,1831,f,423,1831,t
0.5,0.0000046,360,1831,f,418,1831,t
0.5,0,360,1831,f,422,1831,t
0.5,0.0000046,360,1831,f,413,1831,t
0.5,0,364,1831,f,427,1831,t
0.5,0.0000046,360,1831,f,413,1831,t
0.5,0,360,1831,f,329,1831,t
0.5,0.0000046,357,1831,f,329,1831,t
0.5,0,360,1831,f,423,1831,t
0.5,0,360,1831,f,423,1831,t
0.5,0.0000046,352,1831,f,422,1831,t
0.5,0.0000046,352,1831,f,422,1831,t
0.5,0,352,1831,f,422,1831,t
0.5,0.0000046,352,1831,f,421,1831,t
0.5,0,352,1831,f,422,1831,t
0.5,0.0000046,352,1831,f,420,1831,t
0.5,0,326,1831,f,314,1831,t
0.5,0.0000046,326,1831,f,314,1831,t
0.5,0,319,1831,f,268,1831,t
0.5,0.0000046,312,1831,f,256,1831,t
0.5,0,255,1831,f,263,1831,t
0.5,0.0000046,254,1831,f,264,1831,t
0.5,0.0000046,227,1831,f,156,1831,t
0.5,0,227,1831,f,156,1831,t
0.5,0.0000046,227,1831,f,156,1831,t
0.5,0,223,1831,f,196,1831,t
0.5,0.0000046,222,1831,f,196,1831,t
0.5,0,1673,1831,f,1658,1831,t
0.5,0.0000046,1658,1831,f,1669,1831,t
0.5,0,1658,1831,f,1673,1831,t
0.5,0.0000046,1658,1831,f,1658,1831,t
0.5,0,157,1831,f,98,1831,t
0.5,0.0000046,157,1831,f,98,1831,t
0.5,0,227,1831,f,156,1831,t
0.5,0,156,1831,f,227,1831,t
0.5,0.0000046,156,1831,f,227,1831,t
0.5,0,660,1831,f,1439,1831,t
0.5,0.0000046,1439,1831,f,660,1831,t
0.5,0,138,1831,f,138,1831,t
0.5,0.0000046,129,1831,f,157,1831,t
0.5,0,1247,1831,f,1235,1831,t
0.5,0.0000046,1235,1831,f,1247,1831,t
0.5,0,1167,1831,f,1186,1831,t
0.5,0.0000046,1165,1831,f,1187,1831,t
0.5,0,1092,1831,f,1084,1831,t
0.5,0.0000046,1093,1831,f,1084,1831,t
0.5,0,155,1831,f,155,1831,t
0.5,0.0000046,155,1831,f,155,1831,t
0.5,0,865,1831,f,868,1831,t
0.5,0.0000046,865,1831,f,865,1831,t
0.5,0,98,1831,f,157,1831,t
0.5,0.0000046,98,1831,f,157,1831,t
0.5,0,157,1831,f,98,1831,t
0.5,0.0000046,157,1831,f,98,1831,t
0.5,0,999,1831,f,931,1831,t
0.5,0.0000046,931,1831,f,999,1831,t
0.5,0,192,1831,f,223,1831,t
0.5,0.0000046,192,1831,f,223,1831,t
0.5,0,420,1831,f,360,1831,t
0.5,0,665,1831,f,652,1831,t
0.5,0.0000046,665,1831,f,652,1831,t
0.5,0,98,1831,f,157,1831,t
0.5,0,98,1831,f,159,1831,t
0.5,0.0000046,98,1831,f,157,1831,t
0.5,0,868,1831,f,882,1831,t
0.5,0.0000046,865,1831,f,878,1831,t
0.5,0,869,1831,f,882,1831,t
0.5,0.0000046,865,1831,f,868,1831,t
0.5,0,865,1831,f,885,1831,t
0.5,0.0000046,865,1831,f,868,1831,t
0.5,0,868,1831,f,865,1831,t
0.5,0.0000046,865,1831,f,865,1831,t
0.5,0,865,1831,f,868,1831,t
0.5,0.0000046,865,1831,f,865,1831,t
0.5,0,860,1831,f,828,1831,t
0.5,0,836,1831,f,860,1831,t
0.5,0.0000046,828,1831,f,869,1831,t
0.5,0,860,1831,f,828,1831,t
0.5,0.0000046,828,1831,f,860,1831,t
0.5,0,827,1831,f,814,1831,t
0.5,0.0000046,824,1831,f,814,1831,t
0.5,0,826,1831,f,814,1831,t
0.5,0.0000046,824,1831,f,814,1831,t
0.5,0,812,1831,f,796,1831,t
0.5,0.0000046,811,1831,f,796,1831,t
0.5,0,798,1831,f,798,1831,t
0.5,0.0000046,796,1831,f,812,1831,t
0.5,0,796,1831,f,736,1831,t
0.5,0.0000046,795,1831,f,750,1831,t
0.5,0,795,1831,f,783,1831,t
0.5,0.0000046,794,1831,f,784,1831,t
0.5,0,773,1831,f,773,1831,t
0.5,0.0000046,772,1831,f,782,1831,t
0.5,0,748,1831,f,750,1831,t
0.5,0.0000046,744,1831,f,752,1831,t
0.5,0,740,1831,f,731,1831,t
0.5,0.0000046,740,1831,f,734,1831,t
0.5,0,657,1831,f,669,1831,t
0.5,0.0000046,657,1831,f,657,1831,t
0.5,0,665,1831,f,652,1831,t
0.5,0.0000046,652,1831,f,652,1831,t
0.5,0,668,1831,f,635,1831,t
0.5,0.0000046,635,1831,f,668,1831,t
0.5,0,622,1831,f,635,1831,t
0.5,0.0000046,621,1831,f,628,1831,t
0.5,0,621,1831,f,640,1831,t
0.5,0.0000046,621,1831,f,628,1831,t
0.5,0,641,1831,f,620,1831,t
0.5,0.0000046,620,1831,f,641,1831,t
0.5,0,627,1831,f,619,1831,t
0.5,0.0000046,619,1831,f,627,1831,t
0.5,0,606,1831,f,605,1831,t
0.5,0.0000046,605,1831,f,606,1831,t
0.5,0,588,1831,f,612,1831,t
0.5,0.0000046,588,1831,f,611,1831,t
0.5,0,602,1831,f,586,1831,t
0.5,0.0000046,585,1831,f,602,1831,t
0.5,0,586,1831,f,586,1831,t
0.5,0.0000046,585,1831,f,602,1831,t
0.5,0,592,1831,f,586,1831,t
0.5,0.0000046,584,1831,f,586,1831,t
0.5,0,541,1831,f,557,1831,t
0.5,0,563,1831,f,569,1831,t
0.5,0.0000046,541,1831,f,569,1831,t
0.5,0,562,1831,f,569,1831,t
0.5,0.0000046,541,1831,f,569,1831,t
0.5,0,552,1831,f,553,1831,t
0.5,0.0000046,541,1831,f,569,1831,t
0.5,0,573,1831,f,541,1831,t
0.5,0.0000046,541,1831,f,541,1831,t
0.5,0,591,1831,f,443,1831,t
0.5,0.0000046,516,1831,f,514,1831,t
0.5,0,5,1831,f,7,1831,t
0.5,0.0000046,5,1831,f,5,1831,t
0.5,0,5,1831,f,5,1831,t
0.5,0.0000046,5,1831,f,5,1831,t
0.5,0,498,1831,f,520,1831,t
0.5,0.0000046,498,1831,f,519,1831,t
0.5,0,520,1831,f,497,1831,t
0.5,0.0000046,497,1831,f,520,1831,t
0.5,0,525,1831,f,476,1831,t
0.5,0,467,1831,f,439,1831,t
0.5,0.0000046,467,1831,f,439,1831,t
0.5,0,467,1831,f,440,1831,t
0.5,0.0000046,467,1831,f,439,1831,t
0.5,0,457,1831,f,445,1831,t
0.5,0.0000046,457,1831,f,445,1831,t
0.5,0,454,1831,f,454,1831,t
0.5,0.0000046,452,1831,f,454,1831,t
0.5,0,447,1831,f,445,1831,t
0.5,0.0000046,447,1831,f,440,1831,t
0.5,0,446,1831,f,462,1831,t
0.5,0.0000046,443,1831,f,455,1831,t
0.5,0,443,1831,f,455,1831,t
0.5,0.0000046,443,1831,f,443,1831,t
0.5,0,466,1831,f,438,1831,t
0.5,0.0000046,443,1831,f,438,1831,t
0.5,0,443,1831,f,443,1831,t
0.5,0.0000046,442,1831,f,463,1831,t
0.5,0,440,1831,f,467,1831,t
0.5,0.0000046,439,1831,f,467,1831,t
0.5,0,439,1831,f,467,1831,t
0.5,0.0000046,439,1831,f,466,1831,t
0.5,0,427,1831,f,362,1831,t
0.5,0.0000046,424,1831,f,361,1831,t
0.5,0,427,1831,f,362,1831,t
0.5,0.0000046,424,1831,f,360,1831,t
0.5,0,432,1831,f,369,1831,t
0.5,0.0000046,423,1831,f,360,1831,t
0.5,0,428,1831,f,360,1831,t
0.5,0.0000046,422,1831,f,352,1831,t
0.5,0,427,1831,f,360,1831,t
0.5,0.0000046,420,1831,f,360,1831,t
0.5,0,369,1831,f,430,1831,t
0.5,0.0000046,365,1831,f,427,1831,t
0.5,0,419,1831,f,360,1831,t
0.5,0,421,1831,f,360,1831,t
0.5,0,420,1831,f,360,1831,t
0.5,0,360,1831,f,422,1831,t
0.5,0,420,1831,f,360,1831,t
0.5,0.0000046,360,1831,f,428,1831,t
0.5,0,360,1831,f,427,1831,t
0.5,0.0000046,360,1831,f,423,1831,t
0.5,0,360,1831,f,428,1831,t
0.5,0.0000046,360,1831,f,420,1831,t
0.5,0,361,1831,f,423,1831,t
0.5,0.0000046,360,1831,f,419,1831,t
0.5,0,360,1831,f,420,1831,t
0.5,0.0000046,360,1831,f,418,1831,t
0.5,0,358,1831,f,421,1831,t
0.5,0.0000046,358,1831,f,420,1831,t
0.5,0,416,1831,f,352,1831,t
0.5,0,360,1831,f,423,1831,t
0.5,0,360,1831,f,422,1831,t
0.5,0.0000046,352,1831,f,422,1831,t
0.5,0,360,1831,f,422,1831,t
0.5,0.0000046,352,1831,f,421,1831,t
0.5,0,360,1831,f,420,1831,t
0.5,0.0000046,352,1831,f,421,1831,t
0.5,0.0000046,352,1831,f,421,1831,t
0.5,0,352,1831,f,423,1831,t
0.5,0.0000046,352,1831,f,421,1831,t
0.5,0,360,1831,f,428,1831,t
0.5,0.0000046,352,1831,f,420,1831,t
0.5,0,352,1831,f,421,1831,t
0.5,0.0000046,352,1831,f,420,1831,t
0.5,0,98,1831,f,157,1831,t
0.5,0.0000046,157,1831,f,98,1831,t
0.5,0,157,1831,f,98,1831,t
0.5,0.0000046,157,1831,f,102,1831,t
0.5,0,1519,1831,f,1531,1831,t
0.5,0.0000046,1519,1831,f,1530,1831,t
0.5,0,597,1831,f,1497,1831,t
0.5,0.0000046,1497,1831,f,597,1831,t
0.5,0,1419,1831,f,1410,1831,t
0.5,0.0000046,1410,1831,f,1419,1831,t
0.5,0,138,1831,f,155,1831,t
0.5,0.0000046,138,1831,f,138,1831,t
0.5,0,1073,1831,f,1041,1831,t
0.5,0.0000046,1060,1831,f,1041,1831,t
0.5,0,1057,1831,f,1047,1831,t
0.5,0.0000046,1049,1831,f,1049,1831,t
0.5,0,1057,1831,f,1047,1831,t
0.5,0.0000046,1047,1831,f,1047,1831,t
0.5,0,1041,1831,f,1073,1831,t
0.5,0.0000046,1041,1831,f,1071,1831,t
0.5,0,1030,1831,f,1021,1831,t
0.5,0.0000046,1029,1831,f,1023,1831,t
0.5,0,98,1831,f,157,1831,t
0.5,0.0000046,101,1831,f,157,1831,t
0.5,0,1007,1831,f,936,1831,t
0.5,0.0000046,1005,1831,f,936,1831,t
0.5,0,98,1831,f,157,1831,t
0.5,0,98,1831,f,157,1831,t
0.5,0.0000046,98,1831,f,157,1831,t
0.5,0,977,1831,f,962,1831,t
0.5,0.0000046,962,1831,f,962,1831,t
0.5,0,872,1831,f,868,1831,t
0.5,0.0000046,868,1831,f,865,1831,t
0.5,0,882,1831,f,869,1831,t
0.5,0.0000046,865,1831,f,865,1831,t
0.5,0,865,1831,f,865,1831,t
0.5,0.0000046,865,1831,f,865,1831,t
0.5,0,865,1831,f,878,1831,t
0.5,0.0000046,865,1831,f,865,1831,t
0.5,0,865,1831,f,865,1831,t
0.5,0.0000046,865,1831,f,865,1831,t
0.5,0,834,1831,f,828,1831,t
0.5,0.0000046,833,1831,f,829,1831,t
0.5,0,860,1831,f,828,1831,t
0.5,0.0000046,828,1831,f,860,1831,t
0.5,0,812,1831,f,796,1831,t
0.5,0.0000046,809,1831,f,796,1831,t
0.5,0,812,1831,f,797,1831,t
0.5,0.0000046,797,1831,f,812,1831,t
0.5,0,774,1831,f,774,1831,t
0.5,0.0000046,774,1831,f,774,1831,t
0.5,0,736,1831,f,704,1831,t
0.5,0.0000046,736,1831,f,704,1831,t
0.5,0,697,1831,f,689,1831,t
0.5,0.0000046,697,1831,f,687,1831,t
0.5,0,621,1831,f,640,1831,t
0.5,0.0000046,621,1831,f,640,1831,t
0.5,0,600,1831,f,588,1831,t
0.5,0.0000046,612,1831,f,588,1831,t
0.5,0,602,1831,f,586,1831,t
0.5,0.0000046,602,1831,f,586,1831,t
0.5,0,588,1831,f,612,1831,t
0.5,0.0000046,588,1831,f,612,1831,t
0.5,0,586,1831,f,602,1831,t
0.5,0.0000046,585,1831,f,602,1831,t
0.5,0,586,1831,f,602,1831,t
0.5,0.0000046,585,1831,f,594,1831,t
0.5,0,585,1831,f,593,1831,t
0.5,0.0000046,585,1831,f,587,1831,t
0.5,0,586,1831,f,580,1831,t
0.5,0.0000046,580,1831,f,586,1831,t
0.5,0,568,1831,f,456,1831,t
0.5,0.0000046,566,1831,f,455,1831,t
0.5,0,566,1831,f,563,1831,t
0.5,0,466,1831,f,440,1831,t
0.5,0.0000046,460,1831,f,443,1831,t
0.5,0,443,1831,f,455,1831,t
0.5,0.0000046,443,1831,f,442,1831,t
0.5,0,427,1831,f,360,1831,t
0.5,0.0000046,423,1831,f,360,1831,t
0.5,0,427,1831,f,357,1831,t
0.5,0.0000046,420,1831,f,360,1831,t
0.5,0,422,1831,f,352,1831,t
0.5,0.0000046,420,1831,f,360,1831,t
0.5,0,420,1831,f,360,1831,t
0.5,0.0000046,419,1831,f,360,1831,t
0.5,0,369,1831,f,431,1831,t
0.5,0.0000046,366,1831,f,429,1831,t
0.5,0,360,1831,f,424,1831,t
0.5,0.0000046,362,1831,f,427,1831,t
0.5,0,360,1831,f,422,1831,t
0.5,0,364,1831,f,427,1831,t
0.5,0.0000046,360,1831,f,413,1831,t
0.5,0,360,1831,f,420,1831,t
0.5,0.0000046,360,1831,f,412,1831,t
0.5,0,420,1831,f,360,1831,t
0.5,0.0000046,358,1831,f,417,1831,t
0.5,0,428,1831,f,360,1831,t
0.5,0,360,1829,f,421,1831,t
0.5,0.0000046,352,1831,f,422,1831,t
0.5,0.0000046,352,1831,f,422,1831,t
0.5,0,352,1831,f,422,1831,t
0.5,0.0000046,352,1831,f,421,1831,t
0.5,0,352,1831,f,422,1831,t
0.5,0.0000046,352,1831,f,420,1831,t
0.5,0,227,1831,f,156,1831,t
0.5,0.0000046,227,1831,f,156,1831,t
0.5,0,196,1831,f,223,1831,t
0.5,0.0000046,196,1831,f,196,1831,t
0.5,0,527,1831,f,1754,1831,t
0.5,0.0000046,1754,1831,f,527,1831,t
0.5,0,98,1831,f,157,1831,t
0.5,0.0000046,157,1831,f,98,1831,t
0.5,0.0000046,157,1831,f,98,1831,t
0.5,0,138,1831,f,157,1831,t
0.5,0.0000046,138,1831,f,138,1831,t
0.5,0,1234,1831,f,1247,1831,t
0.5,0.0000046,1234,1831,f,1247,1831,t
0.5,0,772,1831,f,774,1831,t
0.5,0.0000046,772,1831,f,774,1831,t
0.5,0,602,1831,f,586,1831,t
0.5,0.0000046,602,1831,f,586,1831,t
0.5,0,612,1831,f,588,1831,t
0.5,0.0000046,588,1831,f,612,1831,t
0.5,0,5,1831,f,5,1831,t
0.5,0.0000046,5,1831,f,5,1831,t
0.5,0,5,1831,f,5,1831,t
0.5,0.0000046,5,1831,f,5,1831,t
0.5,0,430,1831,f,465,1831,t
0.5,0.0000046,428,1831,f,439,1831,t
0.5,0,420,1831,f,360,1831,t
0.5,0.0000046,420,1831,f,360,1831,t
0.5,0.0000046,420,1831,f,360,1831,t
0.5,0,360,1831,f,420,1831,t
0.5,0,360,1831,f,420,1831,t
0.5,0,360,1831,f,420,1831,t
0.5,0.0000046,360,1831,f,420,1831,t
0.5,0,352,1831,f,421,1831,t
0.5,0.0000046,352,1831,f,422,1831,t
0.5,0,2,1831,f,4,1831,t
0.5,0.0000046,17,1831,f,1,1831,t
0.5,0,156,1831,f,227,1831,t
0.5,0.0000046,156,1831,f,227,1831,t
0.5,0,621,1831,f,640,1831,t
0.5,0.0000046,621,1831,f,621,1831,t
0.5,0,586,1831,f,602,1831,t
0.5,0.0000046,595,1831,f,590,1831,t
0.5,0,590,1831,f,586,1831,t
0.5,0.0000046,586,1831,f,586,1831,t
0.5,0,369,1831,f,432,1831,t
0.5,0.0000046,369,1831,f,430,1831,t
0.5,0,428,1831,f,360,1831,t
0.5,0,360,1831,f,420,1831,t
0.5,0,360,1831,f,422,1831,t
0.5,0.0000046,360,1831,f,421,1831,t
0.5,0,360,1831,f,421,1831,t
0.5,0.0000046,360,1831,f,413,1831,t
0.5,0.0000046,227,1831,f,156,1831,t
0.5,0,1182,1831,f,1817,1831,t
0.5,0.0000046,1817,1831,f,1182,1831,t
0.5,0,816,1831,f,762,1831,t
0.5,0.0000046,786,1831,f,786,1831,t
0.5,0,645,1831,f,589,1831,t
0.5,0.0000046,644,1831,f,590,1831,t
0.5,0,352,1831,f,421,1831,t
0.5,0.0000046,352,1831,f,420,1831,t
0.5,0,503,1831,f,453,1831,t
0.5,0.0000046,453,1831,f,503,1831,t
0.5,0,1093,1831,f,1084,1831,t
0.5,0.0000046,1092,1831,f,1084,1831,t
0.5,0,360,1831,f,423,1831,t
0.5,0.0000046,360,1831,f,413,1831,t
0.5,0,360,1831,f,428,1831,t
0.5,0.0000046,352,1831,f,420,1831,t
0.5,0,812,1831,f,797,1831,t
0.5,0.0000046,809,1831,f,797,1831,t
0.5,0,774,1831,f,782,1831,t
0.5,0.0000046,774,1831,f,774,1831,t
0.5,0,427,1831,f,360,1831,t
0.5,0.0000046,420,1831,f,360,1831,t
0.5,0,360,1831,f,420,1831,t
0.5,0,227,1831,f,156,1831,t
0.5,0,1371,1831,f,590,1831,t
0.5,0.0000046,590,1831,f,1371,1831,t
0.5,0,155,1831,f,154,1831,t
0.5,0.0000046,155,1831,f,153,1831,t
0.5,0,467,1831,f,440,1831,t
0.5,0.0000046,439,1831,f,467,1831,t
0.5,0,811,1831,f,797,1831,t
0.5,0.0000046,809,1831,f,796,1831,t
0.5,0,98,1831,f,157,1831,t
0.5,0.0000046,101,1831,f,157,1831,t
0.5,0,98,1831,f,157,1831,t
0.5,0.0000046,94,1831,f,157,1831,t
0.5,0,427,1831,f,360,1831,t
0.5,0.0000046,420,1831,f,360,1831,t
0.5,0,568,1831,f,546,1831,t
0.5,0.0000046,565,1831,f,548,1831,t
0.5,0,772,1831,f,774,1831,t
0.5,0.0000046,772,1831,f,773,1831,t
0.5,0.0000046,442,1831,f,479,1831,t
0.5,0,360,1831,f,423,1831,t
0.5,0.0000046,360,1831,f,420,1831,t
